cresta_zone,1,2,3,4,5,6,7,8,9,10,11,12,13,14,15,16,17,18,19,20,21,22,23,24,25,26,27,28,29,30,31,32,33,34,35,36,37,38,39,40,41,42,43,44,45,46,47,48,49,50,51,52,53,54,55,56,57,58,59
1,1.0,0.5,0.75,1.0,1.0,0.5,1.0,0.75,1.0,1.0,0.75,0.25,0.5,0.5,0.25,0.25,0.25,0.25,0.25,0.25,0.5,0.25,0.0,0.25,0.0,0.25,0.0,0.25,0.25,0.0,0.25,0.25,0.0,0.0,0.0,0.0,0.0,0.0,0.25,0.0,0.25,0.25,0.0,0.0,0.0,0.25,0.0,0.0,0.25,0.0,0.0,0.0,0.0,0.0,0.0,0.0,0.25,0.0,0.0
2,0.5,1.0,0.75,1.0,0.75,1.0,0.75,1.0,1.0,0.75,0.75,0.5,1.0,0.5,0.0,0.75,0.75,0.75,0.5,0.5,0.5,0.25,0.5,0.5,0.5,0.75,0.5,0.25,0.25,0.25,0.25,0.25,0.0,0.0,0.0,0.25,0.0,0.0,0.5,0.0,0.25,0.25,0.0,0.0,0.0,0.0,0.25,0.25,0.25,0.0,0.0,0.0,0.0,0.0,0.25,0.25,0.25,0.0,0.0
3,0.75,0.75,1.0,0.75,1.0,0.75,0.75,0.5,0.75,0.75,0.75,0.5,0.75,0.25,0.0,0.5,0.5,0.5,0.5,0.5,0.25,0.25,0.75,0.5,0.5,0.5,0.5,0.25,0.25,0.25,0.25,0.25,0.0,0.0,0.25,0.0,0.0,0.0,0.25,0.0,0.0,0.0,0.0,0.0,0.0,0.0,0.0,0.0,0.0,0.0,0.0,0.0,0.0,0.0,0.0,0.0,0.0,0.0,0.0
4,1.0,1.0,0.75,1.0,1.0,1.0,1.0,1.0,1.0,1.0,1.0,0.5,0.75,0.75,0.25,0.75,0.5,0.75,0.5,0.5,0.5,0.5,0.25,0.5,0.5,0.5,0.5,0.25,0.25,0.0,0.25,0.5,0.25,0.25,0.25,0.25,0.25,0.25,0.5,0.0,0.75,0.25,0.0,0.25,0.5,0.25,0.25,0.25,0.25,0.0,0.25,0.25,0.0,0.0,0.0,0.25,0.5,0.0,0.25
5,1.0,0.75,1.0,1.0,1.0,0.75,1.0,1.0,1.0,1.0,0.75,0.5,0.75,0.5,0.0,0.5,0.5,0.5,0.5,0.5,0.5,0.25,0.25,0.25,0.25,0.5,0.25,0.25,0.25,0.25,0.25,0.25,0.0,0.0,0.25,0.0,0.0,0.0,0.25,0.0,0.25,0.0,0.0,0.0,0.0,0.0,0.25,0.0,0.0,0.0,0.0,0.0,0.0,0.0,0.0,0.0,0.0,0.0,0.0
6,0.5,1.0,0.75,1.0,0.75,1.0,0.75,1.0,1.0,0.5,0.75,0.75,0.75,0.25,0.0,0.75,0.75,0.75,0.75,0.5,0.5,0.25,0.5,0.5,0.5,0.5,0.5,0.25,0.25,0.25,0.25,0.25,0.0,0.0,0.0,0.0,0.0,0.0,0.5,0.0,0.0,0.0,0.0,0.0,0.0,0.0,0.25,0.0,0.0,0.0,0.0,0.0,0.0,0.0,0.0,0.0,0.0,0.0,0.0
7,1.0,0.75,0.75,1.0,1.0,0.75,1.0,0.75,1.0,1.0,0.75,0.5,0.75,0.5,0.0,0.5,0.5,0.5,0.5,0.5,0.5,0.25,0.5,0.5,0.5,0.5,0.5,0.25,0.25,0.25,0.25,0.25,0.0,0.0,0.25,0.25,0.0,0.0,0.25,0.0,0.25,0.0,0.0,0.0,0.0,0.25,0.25,0.0,0.25,0.0,0.0,0.0,0.0,0.0,0.0,0.0,0.0,0.0,0.0
8,0.75,1.0,0.5,1.0,1.0,1.0,0.75,1.0,1.0,0.5,0.75,0.75,1.0,0.5,0.25,0.75,0.75,0.75,0.75,0.75,0.5,0.5,0.75,0.75,0.75,0.75,0.75,0.75,0.5,0.5,0.5,0.5,0.0,0.25,0.5,0.25,0.25,0.25,0.5,0.0,0.5,0.25,0.25,0.25,0.0,0.25,0.25,0.5,0.5,0.25,0.0,0.25,0.25,0.25,0.5,0.5,0.5,0.5,0.5
9,1.0,1.0,0.75,1.0,1.0,1.0,1.0,1.0,1.0,0.75,0.75,0.75,1.0,0.5,0.25,0.75,0.75,0.75,0.75,0.75,0.5,0.5,0.75,0.75,0.5,0.75,0.75,0.5,0.25,0.5,0.25,0.5,0.25,0.25,0.5,0.25,0.25,0.0,0.5,0.0,0.5,0.25,0.0,0.25,0.0,0.25,0.25,0.5,0.5,0.5,0.0,0.0,0.25,0.0,0.25,0.25,0.25,0.25,0.25
10,1.0,0.75,0.75,1.0,1.0,0.5,1.0,0.5,0.75,1.0,0.75,0.5,0.5,0.5,0.25,0.25,0.25,0.25,0.25,0.25,0.5,0.25,0.25,0.25,0.25,0.25,0.25,0.25,0.25,0.25,0.25,0.25,0.0,0.0,0.25,0.5,0.0,0.0,0.25,0.0,0.25,0.0,0.25,0.0,0.0,0.25,0.25,0.25,0.25,0.0,0.0,0.0,0.0,0.0,0.0,0.25,0.25,0.0,0.0
11,0.75,0.75,0.75,1.0,0.75,0.75,0.75,0.75,0.75,0.75,1.0,0.75,0.75,0.5,0.0,0.75,0.75,0.75,0.75,1.0,0.5,0.25,0.5,0.75,0.75,0.5,0.5,0.25,0.25,0.25,0.25,0.25,0.0,0.0,0.25,0.25,0.0,0.25,0.5,0.25,0.0,0.0,0.25,0.0,0.0,0.25,0.25,0.0,0.25,0.0,0.0,0.0,0.0,0.0,0.0,0.0,0.0,0.0,0.0
12,0.25,0.5,0.5,0.5,0.5,0.75,0.5,0.75,0.75,0.5,0.75,1.0,0.5,0.25,0.0,0.75,0.75,0.75,0.75,0.75,0.5,0.25,0.25,0.5,0.75,0.25,0.25,0.25,0.25,0.25,0.25,0.25,0.0,0.0,0.25,0.0,0.0,0.0,0.25,0.0,0.0,0.0,0.0,0.0,0.0,0.0,0.25,0.0,0.25,0.0,0.0,0.0,0.0,0.0,0.0,0.0,0.0,0.0,0.0
13,0.5,1.0,0.75,0.75,0.75,0.75,0.75,1.0,1.0,0.5,0.75,0.5,1.0,0.5,0.25,0.5,0.5,0.5,0.5,0.5,0.5,0.5,0.5,0.5,0.5,0.75,0.75,0.5,0.5,0.5,0.5,0.5,0.25,0.25,0.25,0.25,0.0,0.0,0.25,0.25,0.25,0.0,0.0,0.0,0.0,0.25,0.25,0.0,0.25,0.0,0.0,0.0,0.0,0.0,0.0,0.0,0.0,0.0,0.0
14,0.5,0.5,0.25,0.75,0.5,0.25,0.5,0.5,0.5,0.5,0.5,0.25,0.5,1.0,0.5,0.25,0.25,0.25,0.25,0.25,0.5,0.5,0.0,0.0,0.25,0.25,0.5,0.5,0.5,0.25,0.25,0.75,0.25,0.5,0.5,0.25,0.25,0.25,0.25,0.25,0.5,0.25,0.25,0.25,0.25,0.25,0.25,0.25,0.25,0.25,0.25,0.25,0.25,0.25,0.25,0.25,0.25,0.25,0.25
15,0.25,0.0,0.0,0.25,0.0,0.0,0.0,0.25,0.25,0.25,0.0,0.0,0.25,0.5,1.0,0.0,0.0,0.0,0.25,0.0,0.25,0.5,0.0,0.0,0.0,0.25,0.25,0.5,0.5,0.5,0.5,0.75,0.5,0.5,0.5,0.5,0.25,0.25,0.25,0.25,0.25,0.25,0.25,0.25,0.25,0.25,0.25,0.25,0.25,0.25,0.25,0.25,0.25,0.25,0.25,0.25,0.25,0.25,0.0
16,0.25,0.75,0.5,0.75,0.5,0.75,0.5,0.75,0.75,0.25,0.75,0.75,0.5,0.25,0.0,1.0,1.0,1.0,1.0,0.75,0.25,0.25,0.25,0.5,0.75,0.5,0.5,0.25,0.25,0.25,0.25,0.25,0.0,0.0,0.0,0.0,0.0,0.0,0.5,0.0,0.0,0.0,0.0,0.0,0.0,0.25,0.25,0.0,0.25,0.0,0.0,0.0,0.0,0.0,0.0,0.0,0.0,0.0,0.0
17,0.25,0.75,0.5,0.5,0.5,0.75,0.5,0.75,0.75,0.25,0.75,0.75,0.5,0.25,0.0,1.0,1.0,1.0,1.0,0.75,0.25,0.25,0.25,0.5,0.75,0.5,0.5,0.25,0.25,0.25,0.25,0.25,0.0,0.0,0.0,0.0,0.0,0.0,0.5,0.0,0.0,0.0,0.0,0.0,0.0,0.0,0.25,0.0,0.25,0.0,0.0,0.0,0.0,0.0,0.0,0.0,0.0,0.0,0.0
18,0.25,0.75,0.5,0.75,0.5,0.75,0.5,0.75,0.75,0.25,0.75,0.75,0.5,0.25,0.0,1.0,1.0,1.0,1.0,0.75,0.25,0.25,0.5,0.5,0.75,0.5,0.5,0.25,0.25,0.25,0.25,0.25,0.0,0.0,0.0,0.0,0.0,0.0,0.5,0.0,0.0,0.0,0.0,0.0,0.0,0.0,0.25,0.0,0.25,0.0,0.0,0.0,0.0,0.0,0.0,0.0,0.0,0.0,0.0
19,0.25,0.5,0.5,0.5,0.5,0.75,0.5,0.75,0.75,0.25,0.75,0.75,0.5,0.25,0.25,1.0,1.0,1.0,1.0,0.75,0.25,0.25,0.25,0.75,0.75,0.5,0.5,0.25,0.25,0.25,0.25,0.25,0.0,0.0,0.25,0.0,0.0,0.0,0.5,0.25,0.0,0.0,0.0,0.0,0.0,0.25,0.25,0.0,0.25,0.0,0.0,0.0,0.0,0.0,0.0,0.0,0.0,0.0,0.0
20,0.25,0.5,0.5,0.5,0.5,0.5,0.5,0.75,0.75,0.25,1.0,0.75,0.5,0.25,0.0,0.75,0.75,0.75,0.75,1.0,0.25,0.25,0.5,1.0,1.0,0.5,0.5,0.25,0.25,0.25,0.25,0.0,0.0,0.0,0.25,0.25,0.0,0.0,0.5,0.0,0.0,0.0,0.0,0.0,0.0,0.25,0.25,0.25,0.25,0.0,0.0,0.0,0.0,0.0,0.0,0.25,0.0,0.0,0.0
21,0.5,0.5,0.25,0.5,0.5,0.5,0.5,0.5,0.5,0.5,0.5,0.5,0.5,0.5,0.25,0.25,0.25,0.25,0.25,0.25,1.0,1.0,0.0,0.25,0.25,0.25,0.25,0.75,0.75,0.25,0.25,0.5,0.25,0.25,0.25,0.5,0.0,0.25,0.25,0.25,0.5,0.25,0.25,0.25,0.0,0.25,0.0,0.25,0.25,0.0,0.0,0.0,0.0,0.0,0.0,0.0,0.25,0.0,0.0
22,0.25,0.25,0.25,0.5,0.25,0.25,0.25,0.5,0.5,0.25,0.25,0.25,0.5,0.5,0.5,0.25,0.25,0.25,0.25,0.25,1.0,1.0,0.25,0.25,0.5,0.25,0.5,1.0,0.75,0.25,0.25,0.75,0.5,0.25,0.25,0.25,0.25,0.25,0.25,0.5,0.25,0.25,0.25,0.25,0.25,0.25,0.0,0.25,0.25,0.0,0.0,0.0,0.0,0.0,0.0,0.25,0.25,0.0,0.0
23,0.0,0.5,0.75,0.25,0.25,0.5,0.5,0.75,0.75,0.25,0.5,0.25,0.5,0.0,0.0,0.25,0.25,0.5,0.25,0.5,0.0,0.25,1.0,0.75,0.75,0.5,0.5,0.25,0.0,0.25,0.25,0.25,0.0,0.25,0.25,0.25,0.25,0.0,0.25,0.0,0.0,0.0,0.0,0.0,0.25,0.0,0.25,0.0,0.25,0.25,0.25,0.25,0.25,0.0,0.0,0.25,0.0,0.25,0.25
24,0.25,0.5,0.5,0.5,0.25,0.5,0.5,0.75,0.75,0.25,0.75,0.5,0.5,0.0,0.0,0.5,0.5,0.5,0.75,1.0,0.25,0.25,0.75,1.0,1.0,0.5,0.5,0.25,0.25,0.25,0.25,0.25,0.25,0.0,0.25,0.25,0.0,0.0,0.5,0.0,0.0,0.0,0.0,0.0,0.0,0.25,0.25,0.0,0.25,0.0,0.0,0.0,0.0,0.0,0.0,0.0,0.0,0.0,0.0
25,0.0,0.5,0.5,0.5,0.25,0.5,0.5,0.75,0.5,0.25,0.75,0.75,0.5,0.25,0.0,0.75,0.75,0.75,0.75,1.0,0.25,0.5,0.75,1.0,1.0,0.5,0.5,0.25,0.25,0.25,0.25,0.0,0.0,0.0,0.25,0.0,0.0,0.0,0.5,0.25,0.0,0.0,0.0,0.0,0.0,0.25,0.25,0.25,0.25,0.0,0.0,0.0,0.0,0.0,0.0,0.0,0.0,0.0,0.0
26,0.25,0.75,0.5,0.5,0.5,0.5,0.5,0.75,0.75,0.25,0.5,0.25,0.75,0.25,0.25,0.5,0.5,0.5,0.5,0.5,0.25,0.25,0.5,0.5,0.5,1.0,1.0,0.5,0.5,0.5,0.5,0.25,0.25,0.0,0.25,0.25,0.0,0.0,0.25,0.0,0.0,0.0,0.0,0.0,0.0,0.25,0.25,0.0,0.0,0.0,0.0,0.0,0.0,0.0,0.0,0.25,0.0,0.0,0.0
27,0.0,0.5,0.5,0.5,0.25,0.5,0.5,0.75,0.75,0.25,0.5,0.25,0.75,0.5,0.25,0.5,0.5,0.5,0.5,0.5,0.25,0.5,0.5,0.5,0.5,1.0,1.0,0.75,0.75,0.5,0.5,0.5,0.5,0.0,0.25,0.25,0.0,0.25,0.5,0.25,0.25,0.25,0.25,0.25,0.0,0.25,0.25,0.0,0.25,0.0,0.0,0.0,0.0,0.0,0.0,0.25,0.0,0.0,0.0
28,0.25,0.25,0.25,0.25,0.25,0.25,0.25,0.75,0.5,0.25,0.25,0.25,0.5,0.5,0.5,0.25,0.25,0.25,0.25,0.25,0.75,1.0,0.25,0.25,0.25,0.5,0.75,1.0,1.0,0.5,0.5,0.75,0.5,0.5,0.5,0.5,0.25,0.25,0.25,0.25,0.25,0.25,0.25,0.25,0.0,0.25,0.25,0.25,0.25,0.25,0.0,0.25,0.0,0.0,0.25,0.25,0.25,0.0,0.25
29,0.25,0.25,0.25,0.25,0.25,0.25,0.25,0.5,0.25,0.25,0.25,0.25,0.5,0.5,0.5,0.25,0.25,0.25,0.25,0.25,0.75,0.75,0.0,0.25,0.25,0.5,0.75,1.0,1.0,0.5,0.5,0.5,0.25,0.25,0.5,0.25,0.0,0.25,0.25,0.25,0.25,0.25,0.25,0.25,0.0,0.25,0.25,0.25,0.25,0.0,0.0,0.0,0.0,0.0,0.0,0.25,0.25,0.0,0.0
30,0.0,0.25,0.25,0.0,0.25,0.25,0.25,0.5,0.5,0.25,0.25,0.25,0.5,0.25,0.5,0.25,0.25,0.25,0.25,0.25,0.25,0.25,0.25,0.25,0.25,0.5,0.5,0.5,0.5,1.0,0.75,0.25,0.25,0.25,0.25,0.25,0.0,0.0,0.25,0.25,0.0,0.0,0.0,0.0,0.0,0.25,0.25,0.0,0.0,0.0,0.0,0.0,0.0,0.0,0.0,0.25,0.25,0.0,0.0
31,0.25,0.25,0.25,0.25,0.25,0.25,0.25,0.5,0.25,0.25,0.25,0.25,0.5,0.25,0.5,0.25,0.25,0.25,0.25,0.25,0.25,0.25,0.25,0.25,0.25,0.5,0.5,0.5,0.5,0.75,1.0,0.5,0.25,0.25,0.25,0.25,0.0,0.0,0.25,0.25,0.25,0.0,0.0,0.0,0.0,0.25,0.25,0.0,0.25,0.0,0.0,0.0,0.0,0.0,0.0,0.25,0.25,0.0,0.0
32,0.25,0.25,0.25,0.5,0.25,0.25,0.25,0.5,0.5,0.25,0.25,0.25,0.5,0.75,0.75,0.25,0.25,0.25,0.25,0.0,0.5,0.75,0.25,0.25,0.0,0.25,0.5,0.75,0.5,0.25,0.5,1.0,0.75,0.5,0.75,0.75,0.5,0.5,0.25,0.5,0.25,0.25,0.25,0.25,0.25,0.25,0.25,0.25,0.25,0.25,0.25,0.25,0.5,0.5,0.25,0.25,0.5,0.5,0.25
33,0.0,0.0,0.0,0.25,0.0,0.0,0.0,0.0,0.25,0.0,0.0,0.0,0.25,0.25,0.5,0.0,0.0,0.0,0.0,0.0,0.25,0.5,0.0,0.25,0.0,0.25,0.5,0.5,0.25,0.25,0.25,0.75,1.0,0.5,0.5,0.25,0.5,0.25,0.25,0.25,0.25,0.25,0.25,0.25,0.25,0.25,0.25,0.5,0.5,0.25,0.25,0.25,0.5,0.25,0.5,0.5,0.5,0.5,0.25
34,0.0,0.0,0.0,0.25,0.0,0.0,0.0,0.25,0.25,0.0,0.0,0.0,0.25,0.5,0.5,0.0,0.0,0.0,0.0,0.0,0.25,0.25,0.25,0.0,0.0,0.0,0.0,0.5,0.25,0.25,0.25,0.5,0.5,1.0,0.75,0.75,0.75,0.75,0.25,0.5,0.25,0.5,0.5,0.5,0.5,0.5,0.5,0.5,0.25,0.75,0.75,0.5,0.75,0.5,0.5,0.5,0.5,0.75,0.25
35,0.0,0.0,0.25,0.25,0.25,0.0,0.25,0.5,0.5,0.25,0.25,0.25,0.25,0.5,0.5,0.0,0.0,0.0,0.25,0.25,0.25,0.25,0.25,0.25,0.25,0.25,0.25,0.5,0.5,0.25,0.25,0.75,0.5,0.75,1.0,1.0,0.5,0.5,0.25,0.25,0.25,0.25,0.25,0.25,0.25,0.25,0.25,0.25,0.25,0.5,0.5,0.5,0.25,0.25,0.25,0.25,0.25,0.5,0.25
36,0.0,0.25,0.0,0.25,0.0,0.0,0.25,0.25,0.25,0.5,0.25,0.0,0.25,0.25,0.5,0.0,0.0,0.0,0.0,0.25,0.5,0.25,0.25,0.25,0.0,0.25,0.25,0.5,0.25,0.25,0.25,0.75,0.25,0.75,1.0,1.0,0.5,0.5,0.25,0.5,0.25,0.25,0.25,0.25,0.25,0.25,0.25,0.5,0.25,0.5,0.5,0.5,0.5,0.5,0.25,0.5,0.25,0.5,0.25
37,0.0,0.0,0.0,0.25,0.0,0.0,0.0,0.25,0.25,0.0,0.0,0.0,0.0,0.25,0.25,0.0,0.0,0.0,0.0,0.0,0.0,0.25,0.25,0.0,0.0,0.0,0.0,0.25,0.0,0.0,0.0,0.5,0.5,0.75,0.5,0.5,1.0,0.75,0.5,0.5,0.25,0.5,0.5,0.5,0.25,0.5,0.5,0.5,0.25,0.75,0.75,0.75,0.75,0.75,0.5,0.5,0.5,0.75,0.5
38,0.0,0.0,0.0,0.25,0.0,0.0,0.0,0.25,0.0,0.0,0.25,0.0,0.0,0.25,0.25,0.0,0.0,0.0,0.0,0.0,0.25,0.25,0.0,0.0,0.0,0.0,0.25,0.25,0.25,0.0,0.0,0.5,0.25,0.75,0.5,0.5,0.75,1.0,0.5,0.5,0.5,0.75,0.5,0.5,0.5,0.5,0.5,0.5,0.5,0.75,0.5,0.5,0.5,0.5,0.5,0.5,0.5,0.75,0.5
39,0.25,0.5,0.25,0.5,0.25,0.5,0.25,0.5,0.5,0.25,0.5,0.25,0.25,0.25,0.25,0.5,0.5,0.5,0.5,0.5,0.25,0.25,0.25,0.5,0.5,0.25,0.5,0.25,0.25,0.25,0.25,0.25,0.25,0.25,0.25,0.25,0.5,0.5,1.0,0.75,0.5,0.5,0.5,0.5,0.5,0.5,0.75,0.5,0.5,0.25,0.25,0.25,0.25,0.5,0.5,0.5,0.5,0.5,0.5
40,0.0,0.0,0.0,0.0,0.0,0.0,0.0,0.0,0.0,0.0,0.25,0.0,0.25,0.25,0.25,0.0,0.0,0.0,0.25,0.0,0.25,0.5,0.0,0.0,0.25,0.0,0.25,0.25,0.25,0.25,0.25,0.5,0.25,0.5,0.25,0.5,0.5,0.5,0.75,1.0,0.75,0.75,0.75,1.0,0.75,0.75,0.75,0.5,0.25,0.25,0.25,0.25,0.5,0.5,0.5,0.5,0.5,0.5,0.25
41,0.25,0.25,0.0,0.75,0.25,0.0,0.25,0.5,0.5,0.25,0.0,0.0,0.25,0.5,0.25,0.0,0.0,0.0,0.0,0.0,0.5,0.25,0.0,0.0,0.0,0.0,0.25,0.25,0.25,0.0,0.25,0.25,0.25,0.25,0.25,0.25,0.25,0.5,0.5,0.75,1.0,1.0,1.0,1.0,0.75,0.75,0.5,0.5,0.5,0.25,0.25,0.25,0.0,0.25,0.5,0.5,0.5,0.5,0.25
42,0.25,0.25,0.0,0.25,0.0,0.0,0.0,0.25,0.25,0.0,0.0,0.0,0.0,0.25,0.25,0.0,0.0,0.0,0.0,0.0,0.25,0.25,0.0,0.0,0.0,0.0,0.25,0.25,0.25,0.0,0.0,0.25,0.25,0.5,0.25,0.25,0.5,0.75,0.5,0.75,1.0,1.0,1.0,1.0,0.75,0.75,0.75,0.5,0.5,0.25,0.25,0.25,0.25,0.25,0.5,0.75,0.5,0.5,0.25
43,0.0,0.0,0.0,0.0,0.0,0.0,0.0,0.25,0.0,0.25,0.25,0.0,0.0,0.25,0.25,0.0,0.0,0.0,0.0,0.0,0.25,0.25,0.0,0.0,0.0,0.0,0.25,0.25,0.25,0.0,0.0,0.25,0.25,0.5,0.25,0.25,0.5,0.5,0.5,0.75,1.0,1.0,1.0,0.75,0.75,1.0,0.75,0.5,0.5,0.25,0.25,0.25,0.25,0.5,0.5,0.75,0.5,0.5,0.25
44,0.0,0.0,0.0,0.25,0.0,0.0,0.0,0.25,0.25,0.0,0.0,0.0,0.0,0.25,0.25,0.0,0.0,0.0,0.0,0.0,0.25,0.25,0.0,0.0,0.0,0.0,0.25,0.25,0.25,0.0,0.0,0.25,0.25,0.5,0.25,0.25,0.5,0.5,0.5,1.0,1.0,1.0,0.75,1.0,0.5,0.75,0.5,0.5,0.25,0.25,0.25,0.25,0.25,0.25,0.5,0.5,0.25,0.5,0.25
45,0.0,0.0,0.0,0.5,0.0,0.0,0.0,0.0,0.0,0.0,0.0,0.0,0.0,0.25,0.25,0.0,0.0,0.0,0.0,0.0,0.0,0.25,0.25,0.0,0.0,0.0,0.0,0.0,0.0,0.0,0.0,0.25,0.25,0.5,0.25,0.25,0.25,0.5,0.5,0.75,0.75,0.75,0.75,0.5,1.0,1.0,0.5,0.5,0.75,0.25,0.25,0.25,0.25,0.25,0.5,0.5,0.25,0.5,0.5
46,0.25,0.0,0.0,0.25,0.0,0.0,0.25,0.25,0.25,0.25,0.25,0.0,0.25,0.25,0.25,0.25,0.0,0.0,0.25,0.25,0.25,0.25,0.0,0.25,0.25,0.25,0.25,0.25,0.25,0.25,0.25,0.25,0.25,0.5,0.25,0.25,0.5,0.5,0.5,0.75,0.75,0.75,1.0,0.75,1.0,1.0,1.0,0.75,0.75,0.25,0.25,0.25,0.25,0.25,0.5,0.75,0.5,0.5,0.25
47,0.0,0.25,0.0,0.25,0.25,0.25,0.25,0.25,0.25,0.25,0.25,0.25,0.25,0.25,0.25,0.25,0.25,0.25,0.25,0.25,0.0,0.0,0.25,0.25,0.25,0.25,0.25,0.25,0.25,0.25,0.25,0.25,0.25,0.5,0.25,0.25,0.5,0.5,0.75,0.75,0.5,0.75,0.75,0.5,0.5,1.0,1.0,0.5,0.5,0.25,0.25,0.25,0.5,0.5,0.75,0.75,0.5,0.5,0.5
48,0.0,0.25,0.0,0.25,0.0,0.0,0.0,0.5,0.5,0.25,0.0,0.0,0.0,0.25,0.25,0.0,0.0,0.0,0.0,0.25,0.25,0.25,0.0,0.0,0.25,0.0,0.0,0.25,0.25,0.0,0.0,0.25,0.5,0.5,0.25,0.5,0.5,0.5,0.5,0.5,0.5,0.5,0.5,0.5,0.5,0.75,0.5,1.0,0.5,0.5,0.5,0.5,0.5,0.5,0.75,1.0,0.5,0.5,0.5
49,0.25,0.25,0.0,0.25,0.0,0.0,0.25,0.5,0.5,0.25,0.25,0.25,0.25,0.25,0.25,0.25,0.25,0.25,0.25,0.25,0.25,0.25,0.25,0.25,0.25,0.0,0.25,0.25,0.25,0.0,0.25,0.25,0.5,0.25,0.25,0.25,0.25,0.5,0.5,0.25,0.5,0.5,0.5,0.25,0.75,0.75,0.5,0.5,1.0,0.25,0.25,0.25,0.25,0.25,0.25,0.5,0.25,0.25,0.25
50,0.0,0.0,0.0,0.0,0.0,0.0,0.0,0.25,0.5,0.0,0.0,0.0,0.0,0.25,0.25,0.0,0.0,0.0,0.0,0.0,0.0,0.0,0.25,0.0,0.0,0.0,0.0,0.25,0.0,0.0,0.0,0.25,0.25,0.75,0.5,0.5,0.75,0.75,0.25,0.25,0.25,0.25,0.25,0.25,0.25,0.25,0.25,0.5,0.25,1.0,1.0,1.0,0.75,0.75,0.5,0.5,0.5,0.75,0.75
51,0.0,0.0,0.0,0.25,0.0,0.0,0.0,0.0,0.0,0.0,0.0,0.0,0.0,0.25,0.25,0.0,0.0,0.0,0.0,0.0,0.0,0.0,0.25,0.0,0.0,0.0,0.0,0.0,0.0,0.0,0.0,0.25,0.25,0.75,0.5,0.5,0.75,0.5,0.25,0.25,0.25,0.25,0.25,0.25,0.25,0.25,0.25,0.5,0.25,1.0,1.0,1.0,0.75,0.75,0.5,0.5,0.5,0.75,0.5
52,0.0,0.0,0.0,0.25,0.0,0.0,0.0,0.25,0.0,0.0,0.0,0.0,0.0,0.25,0.25,0.0,0.0,0.0,0.0,0.0,0.0,0.0,0.25,0.0,0.0,0.0,0.0,0.25,0.0,0.0,0.0,0.25,0.25,0.5,0.5,0.5,0.75,0.5,0.25,0.25,0.25,0.25,0.25,0.25,0.25,0.25,0.25,0.5,0.25,1.0,1.0,1.0,0.75,0.5,0.5,0.5,0.5,0.75,0.5
53,0.0,0.0,0.0,0.0,0.0,0.0,0.0,0.25,0.25,0.0,0.0,0.0,0.0,0.25,0.25,0.0,0.0,0.0,0.0,0.0,0.0,0.0,0.25,0.0,0.0,0.0,0.0,0.0,0.0,0.0,0.0,0.5,0.5,0.75,0.25,0.5,0.75,0.5,0.25,0.5,0.0,0.25,0.25,0.25,0.25,0.25,0.5,0.5,0.25,0.75,0.75,0.75,1.0,1.0,0.75,0.75,0.75,0.75,0.75
54,0.0,0.0,0.0,0.0,0.0,0.0,0.0,0.25,0.0,0.0,0.0,0.0,0.0,0.25,0.25,0.0,0.0,0.0,0.0,0.0,0.0,0.0,0.0,0.0,0.0,0.0,0.0,0.0,0.0,0.0,0.0,0.5,0.25,0.5,0.25,0.5,0.75,0.5,0.5,0.5,0.25,0.25,0.5,0.25,0.25,0.25,0.5,0.5,0.25,0.75,0.75,0.5,1.0,1.0,0.75,0.75,0.75,0.75,0.75
55,0.0,0.25,0.0,0.0,0.0,0.0,0.0,0.5,0.25,0.0,0.0,0.0,0.0,0.25,0.25,0.0,0.0,0.0,0.0,0.0,0.0,0.0,0.0,0.0,0.0,0.0,0.0,0.25,0.0,0.0,0.0,0.25,0.5,0.5,0.25,0.25,0.5,0.5,0.5,0.5,0.5,0.5,0.5,0.5,0.5,0.5,0.75,0.75,0.25,0.5,0.5,0.5,0.75,0.75,1.0,0.75,0.75,0.75,0.75
56,0.0,0.25,0.0,0.25,0.0,0.0,0.0,0.5,0.25,0.25,0.0,0.0,0.0,0.25,0.25,0.0,0.0,0.0,0.0,0.25,0.0,0.25,0.25,0.0,0.0,0.25,0.25,0.25,0.25,0.25,0.25,0.25,0.5,0.5,0.25,0.5,0.5,0.5,0.5,0.5,0.5,0.75,0.75,0.5,0.5,0.75,0.75,1.0,0.5,0.5,0.5,0.5,0.75,0.75,0.75,1.0,0.75,0.75,0.5
57,0.25,0.25,0.0,0.5,0.0,0.0,0.0,0.5,0.25,0.25,0.0,0.0,0.0,0.25,0.25,0.0,0.0,0.0,0.0,0.0,0.25,0.25,0.0,0.0,0.0,0.0,0.0,0.25,0.25,0.25,0.25,0.5,0.5,0.5,0.25,0.25,0.5,0.5,0.5,0.5,0.5,0.5,0.5,0.25,0.25,0.5,0.5,0.5,0.25,0.5,0.5,0.5,0.75,0.75,0.75,0.75,1.0,0.75,0.5
58,0.0,0.0,0.0,0.0,0.0,0.0,0.0,0.5,0.25,0.0,0.0,0.0,0.0,0.25,0.25,0.0,0.0,0.0,0.0,0.0,0.0,0.0,0.25,0.0,0.0,0.0,0.0,0.0,0.0,0.0,0.0,0.5,0.5,0.75,0.5,0.5,0.75,0.75,0.5,0.5,0.5,0.5,0.5,0.5,0.5,0.5,0.5,0.5,0.25,0.75,0.75,0.75,0.75,0.75,0.75,0.75,0.75,1.0,0.75
59,0.0,0.0,0.0,0.25,0.0,0.0,0.0,0.5,0.25,0.0,0.0,0.0,0.0,0.25,0.0,0.0,0.0,0.0,0.0,0.0,0.0,0.0,0.25,0.0,0.0,0.0,0.0,0.25,0.0,0.0,0.0,0.25,0.25,0.25,0.25,0.25,0.5,0.5,0.5,0.25,0.25,0.25,0.25,0.25,0.5,0.25,0.5,0.5,0.25,0.75,0.5,0.5,0.75,0.75,0.75,0.5,0.5,0.75,1.0
