cresta_zone,1,2,3,4,5,6,7,8,9,10,11,12,13,14,15,16,17,18,19,20,21,22,23,24,25,26,27,28,29,30,31,32,33,34,35,36,37,38,39,40,41,42,43,44,45,46,47,48,49,50,51,52,53,54,55,56,57,58,59,60,61,62,63,64,65,66,67,68,69,70,71,72,73,74,75,76,77,78,79,80,81,82,83,84,85,86,87,88,89,90,91,92,93,94,95
1,1,1,1,1,1,1,1,1,0.75,0.75,0.75,0.75,1,0.75,0.5,0.5,0.5,0.25,0.5,0.5,0.5,0.25,0.25,0.25,0.5,0.5,0.5,0.5,0.5,0.5,0.75,0.75,0.75,0.75,0.75,0.75,0.75,0.75,0.75,0.75,0.75,0.5,0.5,0.5,0.5,0.5,0.75,0.75,0.75,0.75,0.5,0.75,0.75,0.75,0.75,0.75,0.75,0.75,0.75,0.75,0.75,0.75,0.75,0.75,0.75,0.75,0.75,0.75,0.75,0.75,0.75,0.75,0.75,0.75,0.5,0.25,0.25,0.5,0.5,0.75,0.75,0.75,0.75,0.75,0.75,0.75,0.75,0.75,0.75,0.75,1,1,0.75,1,1
2,1,1,1,1,1,1,1,1,0.75,0.75,0.75,0.75,1,0.75,0.5,0.5,0.5,0.25,0.5,0.5,0.25,0.25,0.25,0.25,0.5,0.5,0.5,0.5,0.5,0.5,0.5,0.75,0.75,0.75,0.75,0.75,0.75,0.75,0.75,0.75,0.5,0.5,0.5,0.5,0.5,0.5,0.75,0.75,0.75,0.75,0.5,0.75,0.75,0.75,0.75,0.5,0.75,0.75,0.75,0.75,0.75,0.5,0.75,0.75,0.75,0.75,0.75,0.75,0.75,0.75,0.75,0.75,0.75,0.75,0.5,0.25,0.25,0.5,0.5,0.75,0.75,0.75,0.75,0.75,0.75,0.75,0.75,0.75,0.75,0.75,1,0.75,0.75,0.75,0.75
3,1,1,1,1,1,1,1,1,1,1,1,1,1,1,0.75,0.5,0.5,0.5,0.5,0.5,0.5,0.25,0.25,0.5,0.5,0.5,0.75,0.75,0.75,0.75,0.75,0.75,0.75,0.75,0.75,0.75,0.75,0.75,0.75,0.75,0.75,0.75,0.5,0.5,0.5,0.5,0.75,0.75,0.75,0.75,0.75,0.75,0.75,0.75,0.75,0.75,0.75,0.75,0.75,0.75,0.75,0.5,0.75,0.75,0.75,0.75,0.75,0.75,0.75,0.75,0.75,0.5,0.75,0.5,0.5,0.25,0.25,0.25,0.25,0.75,0.75,0.75,0.75,0.5,0.75,0.75,0.75,0.75,0.75,0.75,1,0.75,0.75,0.75,1
4,1,1,1,1,1,1,1,1,0.75,0.75,0.75,0.75,1,0.75,0.5,0.5,0.5,0.25,0.5,0.5,0.5,0.25,0.25,0.5,0.5,0.5,0.5,0.75,0.75,0.75,0.75,0.75,0.75,1,0.75,0.75,0.75,0.75,0.75,0.75,0.75,0.75,0.5,0.5,0.5,0.5,0.75,0.75,0.75,0.75,0.75,0.75,0.75,0.75,0.75,0.75,0.75,0.75,0.75,0.75,0.75,0.75,0.75,0.75,0.75,0.75,0.75,0.75,0.75,0.75,0.75,0.75,0.75,0.75,0.5,0.25,0.25,0.5,0.5,0.75,0.75,0.75,0.75,0.75,0.75,0.75,0.75,0.75,0.75,0.75,1,1,0.75,1,1
5,1,1,1,1,1,1,1,1,0.75,1,0.75,1,1,0.75,0.75,0.5,0.5,0.5,0.5,0.5,0.5,0.25,0.25,0.5,0.5,0.5,0.75,0.75,0.75,0.75,0.75,1,1,1,1,0.75,1,0.75,0.75,0.75,0.75,0.75,0.75,0.75,0.75,0.75,0.75,0.75,0.75,0.75,0.75,0.75,0.75,0.75,0.75,0.75,0.75,0.75,0.75,0.75,0.75,0.75,0.75,0.75,0.75,0.5,0.75,0.75,0.75,0.75,0.5,0.75,0.5,0.5,0.5,0.25,0.25,0.5,0.5,0.5,0.75,0.75,0.5,0.5,0.75,0.75,0.75,0.75,0.5,0.75,0.75,1,1,1,1
6,1,1,1,1,1,1,1,1,0.75,0.75,0.75,0.75,0.75,0.75,0.5,0.5,0.5,0.5,0.25,0.5,0.25,0.25,0.25,0.25,0.5,0.5,0.5,0.75,0.75,0.5,0.75,1,1,1,0.75,0.75,0.75,0.75,0.75,0.75,0.75,0.5,0.5,0.5,0.5,0.5,0.75,0.75,0.75,0.75,0.75,0.75,0.75,0.75,0.75,0.75,1,1,1,1,1,0.75,0.75,0.75,0.75,0.75,0.75,0.75,0.75,0.75,0.75,0.75,0.75,0.75,0.5,0.25,0.25,0.5,0.25,0.75,0.75,0.75,0.75,0.75,0.75,1,1,0.75,0.75,0.75,1,1,1,1,1
7,1,1,1,1,1,1,1,1,0.75,0.75,0.75,0.75,0.75,0.75,0.5,0.5,0.5,0.5,0.25,0.5,0.25,0.25,0.25,0.25,0.25,0.5,0.5,0.5,0.5,0.5,0.75,0.75,0.75,1,0.75,0.75,0.75,0.75,0.75,0.75,0.75,0.5,0.5,0.5,0.5,0.5,0.75,0.75,0.75,0.75,0.75,0.75,0.75,0.75,0.75,0.5,0.75,0.75,1,1,0.75,0.75,0.75,0.75,0.75,0.75,0.75,0.75,0.75,0.75,0.75,0.75,0.75,0.75,0.5,0.5,0.25,0.5,0.5,0.75,0.75,0.75,0.75,0.75,0.75,1,1,1,0.75,0.75,1,1,1,1,1
8,1,1,1,1,1,1,1,1,0.75,0.75,0.75,0.75,1,0.75,0.5,0.5,0.5,0.25,0.25,0.5,0.25,0.25,0.25,0.25,0.5,0.5,0.5,0.5,0.5,0.5,0.75,0.75,0.75,1,0.75,0.75,0.75,0.75,0.75,0.75,0.75,0.5,0.5,0.5,0.5,0.5,0.75,0.75,0.75,0.75,0.75,0.75,0.75,0.75,0.75,0.5,0.75,0.75,0.75,0.75,0.75,0.75,0.75,0.75,0.75,0.75,0.75,0.75,0.75,0.75,0.75,0.75,0.75,0.75,0.5,0.5,0.25,0.5,0.5,0.75,0.75,0.75,0.75,0.75,0.75,0.75,0.75,0.75,0.75,0.75,1,1,1,1,1
9,0.75,0.75,1,0.75,0.75,0.75,0.75,0.75,1,1,1,1,1,1,0.75,0.5,0.75,0.5,0.5,0.5,0.5,0.25,0.5,0.5,0.75,0.75,0.75,0.75,0.75,0.75,0.75,0.75,0.75,0.75,0.75,1,1,0.5,0.5,0.75,0.75,0.5,0.5,0.5,0.75,0.75,0.5,0.75,0.5,0.5,0.5,0.5,0.5,0.75,0.75,0.75,0.5,0.5,0.5,0.5,0.5,0.5,0.5,0.5,0.5,0.5,0.5,0.25,0.5,0.5,0.5,0.25,0.25,0.25,0.25,0,0,0,0,0.25,0.25,0.25,0.25,0.25,0.25,0.5,0.5,0.5,0.5,0.25,0.5,0.5,0.5,0.75,0.75
10,0.75,0.75,1,0.75,1,0.75,0.75,0.75,1,1,1,1,1,1,0.75,0.75,0.75,0.5,0.75,0.75,0.5,0.5,0.5,0.5,0.75,0.75,0.75,0.75,0.75,0.75,0.75,0.75,0.75,0.75,0.75,1,1,0.75,0.75,0.75,0.75,0.75,0.5,0.5,0.75,0.75,0.75,0.75,0.5,0.75,0.5,0.5,0.5,0.75,0.75,0.75,0.5,0.75,0.75,0.5,0.75,0.5,0.5,0.5,0.5,0.5,0.5,0.5,0.5,0.5,0.5,0.5,0.5,0.5,0.5,0.25,0.25,0.25,0.25,0.5,0.5,0.5,0.5,0.5,0.5,0.5,0.5,0.5,0.5,0.5,0.75,0.75,0.75,0.75,0.75
11,0.75,0.75,1,0.75,0.75,0.75,0.75,0.75,1,1,1,1,1,1,0.75,0.75,0.75,0.75,0.75,0.75,0.5,0.5,0.5,0.5,0.75,0.75,0.75,0.75,0.75,0.75,0.75,0.75,0.75,0.75,0.75,1,1,0.75,0.75,0.75,0.75,0.75,0.75,0.75,0.75,0.75,0.75,0.75,0.5,0.75,0.5,0.5,0.5,0.75,0.75,0.75,0.5,0.75,0.75,0.5,0.75,0.5,0.5,0.5,0.5,0.5,0.5,0.5,0.5,0.5,0.5,0.5,0.5,0.5,0.5,0.25,0.25,0.25,0.25,0.5,0.5,0.5,0.5,0.5,0.5,0.5,0.5,0.5,0.5,0.5,0.75,0.75,0.5,0.75,0.75
12,0.75,0.75,1,0.75,1,0.75,0.75,0.75,1,1,1,1,1,1,0.75,0.75,0.75,0.75,0.75,0.75,0.5,0.5,0.5,0.5,0.75,0.75,0.75,0.75,0.75,0.75,0.75,0.75,0.75,0.75,0.75,1,1,0.75,0.75,0.75,0.75,0.75,0.75,0.75,0.75,0.75,0.75,0.75,0.75,0.75,0.5,0.5,0.75,0.75,0.75,0.75,0.5,0.75,0.75,0.5,0.75,0.5,0.5,0.5,0.5,0.5,0.5,0.5,0.5,0.5,0.5,0.5,0.5,0.5,0.5,0.25,0.25,0.25,0.25,0.5,0.5,0.5,0.5,0.5,0.5,0.5,0.5,0.5,0.5,0.5,0.75,0.75,0.75,0.75,0.75
13,1,1,1,1,1,0.75,0.75,1,1,1,1,1,1,1,0.75,0.5,0.75,0.5,0.5,0.5,0.5,0.5,0.25,0.5,0.5,0.75,0.75,0.75,0.75,0.75,0.75,0.75,0.75,0.75,0.75,0.75,1,0.75,0.75,0.75,0.75,0.75,0.75,0.75,0.75,0.75,0.75,0.75,0.75,0.75,0.5,0.75,0.75,0.75,0.75,0.75,0.5,0.75,0.75,0.75,0.75,0.5,0.5,0.5,0.5,0.5,0.5,0.5,0.5,0.5,0.5,0.5,0.5,0.5,0.5,0.25,0.25,0.5,0.25,0.5,0.5,0.5,0.5,0.5,0.75,0.75,0.75,0.5,0.5,0.75,0.75,0.75,0.75,0.75,0.75
14,0.75,0.75,1,0.75,0.75,0.75,0.75,0.75,1,1,1,1,1,1,1,0.75,1,0.75,0.75,0.75,0.75,0.5,0.5,0.5,0.75,0.75,1,1,1,0.75,0.75,0.75,0.75,0.75,0.75,1,1,0.75,0.75,0.75,0.75,0.75,0.75,0.75,0.75,0.75,0.75,0.75,0.5,0.75,0.5,0.5,0.75,0.75,0.75,0.75,0.5,0.75,0.5,0.5,0.75,0.5,0.5,0.5,0.5,0.5,0.5,0.5,0.5,0.5,0.5,0.5,0.5,0.5,0.5,0.25,0.25,0.25,0.25,0.5,0.5,0.5,0.5,0.5,0.5,0.5,0.5,0.5,0.5,0.5,0.75,0.75,0.5,0.75,0.75
15,0.5,0.5,0.75,0.5,0.75,0.5,0.5,0.5,0.75,0.75,0.75,0.75,0.75,1,1,1,1,0.75,0.75,0.75,0.75,0.5,0.5,0.75,0.75,0.75,1,0.75,0.75,0.75,0.75,0.75,0.5,0.5,0.75,0.75,0.75,0.5,0.5,0.5,0.75,0.5,0.5,0.5,0.75,0.75,0.5,0.5,0.5,0.5,0.5,0.5,0.5,0.5,0.75,0.75,0.5,0.5,0.5,0.5,0.5,0.5,0.5,0.5,0.25,0.25,0.5,0.5,0.25,0.5,0.25,0.5,0.25,0.25,0.25,0.25,0,0.25,0.25,0.25,0.25,0.5,0.5,0.25,0.5,0.25,0.5,0.25,0.25,0.25,0.5,0.5,0.5,0.5,0.5
16,0.5,0.5,0.5,0.5,0.5,0.5,0.5,0.5,0.5,0.75,0.75,0.75,0.5,0.75,1,1,1,0.75,1,1,1,0.75,0.75,0.75,0.75,0.75,0.75,0.75,0.75,0.75,0.75,0.5,0.5,0.5,0.5,0.75,0.75,0.5,0.5,0.5,0.5,0.5,0.5,0.5,0.5,0.75,0.5,0.5,0.5,0.5,0.25,0.5,0.5,0.5,0.5,0.5,0.25,0.25,0.5,0.5,0.5,0.25,0.25,0.25,0.25,0.25,0.25,0.25,0.25,0.25,0.25,0.25,0.25,0.25,0.25,0,0,0.25,0.25,0.25,0.25,0.25,0.25,0.25,0.25,0.25,0.25,0.25,0.25,0.25,0.25,0.25,0.5,0.25,0.5
17,0.5,0.5,0.5,0.5,0.5,0.5,0.5,0.5,0.75,0.75,0.75,0.75,0.75,1,1,1,1,1,1,1,1,0.75,0.75,0.75,1,1,1,1,1,0.75,0.75,0.75,0.5,0.5,0.75,0.75,0.75,0.75,0.75,0.75,0.75,0.75,0.75,0.5,0.75,0.75,0.5,0.5,0.5,0.5,0.5,0.5,0.5,0.5,0.75,0.75,0.5,0.5,0.5,0.5,0.5,0.5,0.5,0.5,0.5,0.25,0.25,0.25,0.25,0.25,0.25,0.25,0.5,0.25,0.25,0,0,0.25,0,0.25,0.25,0.25,0.25,0.25,0.25,0.25,0.25,0.25,0.25,0.25,0.5,0.5,0.5,0.5,0.5
18,0.25,0.25,0.5,0.25,0.5,0.5,0.5,0.25,0.5,0.5,0.75,0.75,0.5,0.75,0.75,0.75,1,1,1,1,1,1,1,1,1,1,1,0.75,0.75,0.75,0.75,0.5,0.5,0.5,0.5,0.75,0.75,0.75,0.75,0.75,0.75,0.75,0.75,0.75,0.75,0.75,0.5,0.5,0.5,0.5,0.5,0.5,0.5,0.5,0.75,0.75,0.5,0.5,0.5,0.25,0.5,0.25,0.25,0.25,0.25,0.25,0.25,0.25,0.25,0.25,0.25,0.25,0.25,0.25,0.25,0,0,0,0,0.25,0.25,0.25,0,0.25,0.25,0.25,0.25,0.25,0.25,0.25,0.25,0.25,0.25,0.5,0.5
19,0.5,0.5,0.5,0.5,0.5,0.25,0.25,0.25,0.5,0.75,0.75,0.75,0.5,0.75,0.75,1,1,1,1,1,1,0.75,0.75,1,1,1,1,0.75,0.75,0.75,0.75,0.5,0.5,0.5,0.75,0.75,0.75,0.75,0.5,0.75,0.75,0.75,0.75,0.75,0.75,0.75,0.5,0.5,0.5,0.5,0.25,0.25,0.5,0.5,0.75,0.75,0.25,0.25,0.25,0.25,0.5,0.25,0.25,0.25,0.25,0.25,0.25,0.25,0.25,0.25,0.25,0.25,0.25,0.25,0.25,0,0,0.25,0.25,0.25,0.25,0.25,0.25,0.25,0.25,0.25,0.25,0.25,0.25,0.25,0.25,0.25,0.25,0.25,0.5
20,0.5,0.5,0.5,0.5,0.5,0.5,0.5,0.5,0.5,0.75,0.75,0.75,0.5,0.75,0.75,1,1,1,1,1,1,1,1,1,1,1,1,0.75,0.75,0.75,0.75,0.5,0.5,0.5,0.5,0.75,0.75,0.75,0.75,0.75,0.75,0.75,0.75,0.75,0.75,0.75,0.5,0.5,0.5,0.5,0.5,0.5,0.5,0.5,0.75,0.75,0.25,0.5,0.5,0.5,0.5,0.25,0.25,0.25,0.25,0.25,0.25,0.25,0.25,0.25,0.25,0.25,0.25,0.25,0.25,0,0,0.25,0.25,0.25,0.25,0.25,0.25,0.25,0.25,0.25,0.25,0.25,0.25,0.25,0.25,0.25,0.5,0.25,0.5
21,0.5,0.25,0.5,0.5,0.5,0.25,0.25,0.25,0.5,0.5,0.5,0.5,0.5,0.75,0.75,1,1,1,1,1,1,1,1,0.75,1,1,0.75,0.75,0.75,0.75,0.75,0.5,0.5,0.5,0.5,0.75,0.75,0.5,0.5,0.5,0.5,0.5,0.5,0.5,0.75,0.75,0.5,0.5,0.5,0.5,0.25,0.25,0.5,0.5,0.5,0.5,0.25,0.25,0.25,0.25,0.25,0.25,0.25,0.25,0.25,0.25,0.25,0.25,0.25,0.25,0.25,0.25,0.25,0.25,0.25,0,0,0.25,0.25,0.25,0.25,0.25,0.25,0.25,0.25,0.25,0.25,0.25,0.25,0.25,0.25,0.25,0.25,0.25,0.5
22,0.25,0.25,0.25,0.25,0.25,0.25,0.25,0.25,0.25,0.5,0.5,0.5,0.5,0.5,0.5,0.75,0.75,1,0.75,1,1,1,1,0.75,0.75,0.75,0.5,0.5,0.5,0.5,0.5,0.25,0.25,0.25,0.25,0.5,0.5,0.5,0.5,0.5,0.5,0.5,0.5,0.5,0.5,0.5,0.25,0.25,0.25,0.25,0.25,0.25,0.25,0.25,0.5,0.5,0.25,0.25,0.25,0.25,0.25,0.25,0.25,0.25,0.25,0.25,0.25,0.25,0.25,0.25,0.25,0.25,0.25,0.25,0.25,0,0,0.25,0.25,0.25,0.25,0.25,0.25,0.25,0.25,0.25,0.25,0.25,0.25,0.25,0.25,0.25,0.25,0.25,0.25
23,0.25,0.25,0.25,0.25,0.25,0.25,0.25,0.25,0.5,0.5,0.5,0.5,0.25,0.5,0.5,0.75,0.75,1,0.75,1,1,1,1,1,0.75,0.75,0.5,0.5,0.5,0.5,0.5,0.25,0.25,0.25,0.25,0.5,0.5,0.5,0.5,0.5,0.5,0.5,0.5,0.5,0.5,0.5,0.25,0.25,0.25,0.25,0.25,0.25,0.25,0.25,0.5,0.5,0.25,0.25,0.25,0.25,0.25,0.25,0.25,0.25,0,0.25,0.25,0.25,0.25,0.25,0,0.25,0.25,0.25,0.25,0,0,0.25,0.25,0.25,0.25,0.25,0.25,0.25,0.25,0.25,0.25,0.25,0.25,0.25,0.25,0.25,0.25,0.25,0.25
24,0.25,0.25,0.5,0.5,0.5,0.25,0.25,0.25,0.5,0.5,0.5,0.5,0.5,0.5,0.75,0.75,0.75,1,1,1,0.75,0.75,1,1,1,1,0.75,0.75,0.75,0.75,0.5,0.5,0.25,0.25,0.5,0.5,0.5,0.5,0.5,0.5,0.5,0.5,0.5,0.5,0.75,0.75,0.5,0.5,0.5,0.5,0.25,0.25,0.25,0.5,0.5,0.5,0.25,0.25,0.25,0.25,0.25,0.25,0.25,0.25,0.25,0.25,0.25,0.25,0.25,0.25,0.25,0.25,0.25,0.25,0.25,0,0,0.25,0.25,0.25,0.25,0.25,0.25,0.25,0.25,0.25,0.25,0.25,0.25,0.25,0.25,0.25,0.25,0.25,0.5
25,0.5,0.5,0.5,0.5,0.5,0.5,0.25,0.5,0.75,0.75,0.75,0.75,0.5,0.75,0.75,0.75,1,1,1,1,1,0.75,0.75,1,1,1,1,0.75,0.75,0.75,0.75,0.5,0.5,0.5,0.75,0.75,0.75,0.75,0.75,0.75,0.75,0.75,0.75,0.75,0.75,1,0.5,0.75,0.5,0.5,0.5,0.25,0.5,0.5,0.75,0.75,0.25,0.5,0.25,0.25,0.5,0.25,0.25,0.25,0.25,0.25,0.25,0.25,0.25,0.25,0.25,0.25,0.25,0.25,0.25,0,0,0.25,0.25,0.25,0.25,0.25,0.25,0.25,0.25,0.25,0.25,0.25,0.25,0.25,0.25,0.25,0.25,0.25,0.5
26,0.5,0.5,0.5,0.5,0.5,0.5,0.5,0.5,0.75,0.75,0.75,0.75,0.75,0.75,0.75,0.75,1,1,1,1,1,0.75,0.75,1,1,1,1,1,1,1,0.75,0.75,0.5,0.5,0.75,0.75,0.75,0.75,0.75,0.75,0.75,0.75,0.75,0.75,0.75,1,0.75,0.75,0.75,0.5,0.5,0.5,0.5,0.5,0.75,0.75,0.5,0.5,0.5,0.5,0.5,0.5,0.5,0.5,0.25,0.25,0.5,0.25,0.25,0.5,0.25,0.5,0.25,0.25,0.25,0.25,0,0.25,0.25,0.25,0.25,0.25,0.25,0.25,0.5,0.25,0.25,0.25,0.25,0.25,0.5,0.5,0.5,0.5,0.5
27,0.5,0.5,0.75,0.5,0.75,0.5,0.5,0.5,0.75,0.75,0.75,0.75,0.75,1,1,0.75,1,1,1,1,0.75,0.5,0.5,0.75,1,1,1,1,1,1,1,0.75,0.75,0.75,0.75,1,1,0.75,0.75,0.75,0.75,0.75,0.75,0.75,0.75,1,0.75,0.75,0.75,0.75,0.5,0.5,0.5,0.75,0.75,0.75,0.5,0.5,0.5,0.5,0.5,0.5,0.5,0.5,0.5,0.5,0.5,0.5,0.5,0.5,0.5,0.5,0.5,0.25,0.25,0.25,0,0.25,0.25,0.25,0.25,0.25,0.25,0.25,0.5,0.5,0.5,0.25,0.25,0.25,0.5,0.5,0.5,0.5,0.75
28,0.5,0.5,0.75,0.75,0.75,0.75,0.5,0.5,0.75,0.75,0.75,0.75,0.75,1,0.75,0.75,1,0.75,0.75,0.75,0.75,0.5,0.5,0.75,0.75,1,1,1,1,1,1,0.75,0.75,0.75,1,1,1,0.75,0.75,0.75,1,0.75,0.75,0.75,1,1,0.75,0.75,0.75,0.75,0.5,0.5,0.75,0.75,1,1,0.5,0.75,0.5,0.5,0.75,0.5,0.5,0.5,0.5,0.5,0.5,0.5,0.5,0.5,0.5,0.5,0.5,0.5,0.25,0.25,0,0.25,0.25,0.25,0.25,0.25,0.25,0.25,0.5,0.5,0.5,0.5,0.25,0.25,0.5,0.5,0.5,0.75,0.75
29,0.5,0.5,0.75,0.75,0.75,0.75,0.5,0.5,0.75,0.75,0.75,0.75,0.75,1,0.75,0.75,1,0.75,0.75,0.75,0.75,0.5,0.5,0.75,0.75,1,1,1,1,1,1,0.75,0.75,0.75,1,1,1,0.75,0.75,0.75,1,1,0.75,0.75,1,1,0.75,0.75,0.75,0.75,0.5,0.5,0.75,0.75,1,1,0.5,0.75,0.5,0.5,0.75,0.5,0.5,0.5,0.5,0.25,0.5,0.5,0.5,0.5,0.25,0.5,0.5,0.25,0.5,0.25,0.25,0.25,0.25,0.25,0.5,0.5,0.5,0.25,0.5,0.5,0.5,0.25,0.25,0.5,0.5,0.5,0.5,0.75,0.75
30,0.5,0.5,0.75,0.75,0.75,0.5,0.5,0.5,0.75,0.75,0.75,0.75,0.75,0.75,0.75,0.75,0.75,0.75,0.75,0.75,0.75,0.5,0.5,0.75,0.75,1,1,1,1,1,1,0.75,0.75,0.75,1,1,1,1,1,1,1,1,1,1,1,1,0.75,0.75,0.75,0.75,0.5,0.5,0.75,0.75,1,1,0.5,0.5,0.5,0.5,0.75,0.5,0.5,0.5,0.5,0.25,0.5,0.5,0.5,0.5,0.5,0.5,0.5,0.5,0.5,0.25,0.25,0.25,0.25,0.25,0.5,0.5,0.5,0.25,0.5,0.5,0.5,0.25,0.25,0.5,0.5,0.5,0.5,0.5,0.75
31,0.75,0.5,0.75,0.75,0.75,0.75,0.75,0.75,0.75,0.75,0.75,0.75,0.75,0.75,0.75,0.75,0.75,0.75,0.75,0.75,0.75,0.5,0.5,0.5,0.75,0.75,1,1,1,1,1,1,0.75,0.75,1,1,1,1,1,1,1,1,1,1,1,1,1,1,0.75,0.75,0.75,0.75,0.75,1,1,1,0.75,0.75,0.75,0.75,0.75,0.5,0.5,0.5,0.5,0.5,0.5,0.5,0.5,0.5,0.5,0.5,0.5,0.5,0.5,0.25,0.25,0.25,0.25,0.5,0.5,0.5,0.5,0.5,0.5,0.5,0.5,0.5,0.5,0.5,0.5,0.5,0.5,0.75,0.75
32,0.75,0.75,0.75,0.75,1,1,0.75,0.75,0.75,0.75,0.75,0.75,0.75,0.75,0.75,0.5,0.75,0.5,0.5,0.5,0.5,0.25,0.25,0.5,0.5,0.75,0.75,0.75,0.75,0.75,1,1,1,1,1,1,1,1,0.75,1,1,0.75,0.75,0.75,0.75,0.75,1,1,0.75,1,0.75,0.75,1,1,1,1,0.75,1,0.75,0.75,1,0.75,0.75,0.75,0.75,0.5,0.75,0.5,0.5,0.75,0.75,0.75,0.75,0.5,0.5,0.25,0.25,0.25,0.25,0.5,0.5,0.5,0.5,0.5,0.5,0.75,0.75,0.5,0.5,0.5,0.75,0.75,0.75,1,1
33,0.75,0.75,0.75,0.75,1,1,0.75,0.75,0.75,0.75,0.75,0.75,0.75,0.75,0.5,0.5,0.5,0.5,0.5,0.5,0.5,0.25,0.25,0.25,0.5,0.5,0.75,0.75,0.75,0.75,0.75,1,1,1,1,0.75,0.75,0.75,0.75,1,0.75,0.75,0.75,0.75,0.75,0.75,1,1,0.75,1,1,1,1,1,1,0.75,1,1,1,1,1,0.75,0.75,0.75,0.75,0.75,0.75,0.75,0.75,0.75,0.75,0.75,0.75,0.5,0.5,0.25,0.25,0.25,0.25,0.5,0.5,0.5,0.5,0.5,0.75,0.75,0.75,0.75,0.5,0.5,0.75,0.75,1,1,1
34,0.75,0.75,0.75,1,1,1,1,1,0.75,0.75,0.75,0.75,0.75,0.75,0.5,0.5,0.5,0.5,0.5,0.5,0.5,0.25,0.25,0.25,0.5,0.5,0.75,0.75,0.75,0.75,0.75,1,1,1,1,0.75,0.75,0.75,0.75,0.75,0.75,0.75,0.75,0.75,0.75,0.5,0.75,1,0.75,1,0.75,1,1,1,0.75,0.75,1,1,1,1,1,0.75,1,1,1,0.75,0.75,0.75,0.75,0.75,0.75,0.75,0.75,0.75,0.5,0.25,0.25,0.5,0.25,0.75,0.75,0.75,0.5,0.5,0.75,0.75,0.75,0.75,0.75,0.75,1,1,1,1,1
35,0.75,0.75,0.75,0.75,1,0.75,0.75,0.75,0.75,0.75,0.75,0.75,0.75,0.75,0.75,0.5,0.75,0.5,0.75,0.5,0.5,0.25,0.25,0.5,0.75,0.75,0.75,1,1,1,1,1,1,1,1,1,1,0.75,0.75,1,1,0.75,0.75,0.75,0.75,0.75,0.75,1,0.75,1,0.75,0.75,0.75,1,1,1,0.75,0.75,0.75,0.75,0.75,0.75,0.75,0.75,0.75,0.5,0.75,0.5,0.5,0.75,0.5,0.75,0.5,0.5,0.5,0.25,0.25,0.25,0.25,0.5,0.5,0.5,0.5,0.5,0.5,0.75,0.75,0.5,0.5,0.5,0.75,0.75,0.75,0.75,1
36,0.75,0.75,0.75,0.75,0.75,0.75,0.75,0.75,1,1,1,1,0.75,1,0.75,0.75,0.75,0.75,0.75,0.75,0.75,0.5,0.5,0.5,0.75,0.75,1,1,1,1,1,1,0.75,0.75,1,1,1,0.75,0.75,0.75,0.75,0.75,0.75,0.75,0.75,0.75,0.75,0.75,0.75,0.75,0.5,0.75,0.75,0.75,0.75,1,0.75,0.75,0.75,0.5,0.75,0.5,0.5,0.5,0.5,0.5,0.5,0.5,0.5,0.5,0.5,0.5,0.5,0.5,0.5,0.25,0.25,0.25,0.25,0.5,0.5,0.5,0.5,0.5,0.5,0.5,0.5,0.5,0.25,0.5,0.5,0.5,0.75,0.75,0.75
37,0.75,0.75,0.75,0.75,1,0.75,0.75,0.75,1,1,1,1,1,1,0.75,0.75,0.75,0.75,0.75,0.75,0.75,0.5,0.5,0.5,0.75,0.75,1,1,1,1,1,1,0.75,0.75,1,1,1,0.75,0.75,0.75,0.75,0.75,0.75,0.75,0.75,0.75,0.75,0.75,0.75,0.75,0.5,0.75,0.75,0.75,0.75,0.75,0.75,0.75,0.75,0.75,0.75,0.5,0.5,0.5,0.5,0.5,0.5,0.5,0.5,0.5,0.5,0.5,0.5,0.5,0.5,0.25,0.25,0.25,0.25,0.5,0.5,0.5,0.5,0.5,0.5,0.5,0.5,0.5,0.5,0.5,0.75,0.75,0.75,0.75,0.75
38,0.75,0.75,0.75,0.75,0.75,0.75,0.75,0.75,0.5,0.75,0.75,0.75,0.75,0.75,0.5,0.5,0.75,0.75,0.75,0.75,0.5,0.5,0.5,0.5,0.75,0.75,0.75,0.75,0.75,1,1,1,0.75,0.75,0.75,0.75,0.75,1,1,1,1,1,1,1,1,0.75,1,1,1,1,0.75,0.75,0.75,1,1,1,0.75,0.75,0.75,0.75,0.75,0.75,0.75,0.5,0.5,0.5,0.5,0.5,0.5,0.5,0.5,0.5,0.5,0.5,0.5,0.25,0.25,0.25,0.25,0.5,0.5,0.5,0.5,0.5,0.5,0.5,0.5,0.5,0.5,0.5,0.5,0.75,0.75,0.75,0.75
39,0.75,0.75,0.75,0.75,0.75,0.75,0.75,0.75,0.5,0.75,0.75,0.75,0.75,0.75,0.5,0.5,0.75,0.75,0.5,0.75,0.5,0.5,0.5,0.5,0.75,0.75,0.75,0.75,0.75,1,1,0.75,0.75,0.75,0.75,0.75,0.75,1,1,1,1,1,1,1,1,0.75,1,1,1,1,0.75,0.75,0.75,1,1,1,0.75,0.75,0.75,0.75,0.75,0.75,0.5,0.5,0.5,0.5,0.5,0.5,0.5,0.5,0.5,0.5,0.5,0.5,0.5,0.25,0.25,0.25,0.25,0.5,0.5,0.5,0.5,0.5,0.5,0.5,0.5,0.5,0.5,0.5,0.5,0.5,0.75,0.5,0.75
40,0.75,0.75,0.75,0.75,0.75,0.75,0.75,0.75,0.75,0.75,0.75,0.75,0.75,0.75,0.5,0.5,0.75,0.75,0.75,0.75,0.5,0.5,0.5,0.5,0.75,0.75,0.75,0.75,0.75,1,1,1,1,0.75,1,0.75,0.75,1,1,1,1,1,1,1,1,1,1,1,1,1,0.75,0.75,1,1,1,1,0.75,0.75,0.75,0.75,0.75,0.75,0.75,0.75,0.75,0.5,0.5,0.5,0.5,0.5,0.5,0.5,0.5,0.5,0.5,0.25,0.25,0.25,0.25,0.5,0.5,0.5,0.5,0.5,0.5,0.5,0.5,0.5,0.5,0.5,0.75,0.75,0.75,0.75,0.75
41,0.75,0.5,0.75,0.75,0.75,0.75,0.75,0.75,0.75,0.75,0.75,0.75,0.75,0.75,0.75,0.5,0.75,0.75,0.75,0.75,0.5,0.5,0.5,0.5,0.75,0.75,0.75,1,1,1,1,1,0.75,0.75,1,0.75,0.75,1,1,1,1,1,1,1,1,1,1,1,1,1,0.75,0.75,0.75,1,1,1,0.75,0.75,0.75,0.75,0.75,0.5,0.5,0.5,0.5,0.5,0.5,0.5,0.5,0.5,0.5,0.5,0.5,0.5,0.5,0.25,0.25,0.25,0.25,0.5,0.5,0.5,0.5,0.5,0.5,0.5,0.5,0.5,0.5,0.5,0.5,0.75,0.75,0.75,0.75
42,0.5,0.5,0.75,0.75,0.75,0.5,0.5,0.5,0.5,0.75,0.75,0.75,0.75,0.75,0.5,0.5,0.75,0.75,0.75,0.75,0.5,0.5,0.5,0.5,0.75,0.75,0.75,0.75,1,1,1,0.75,0.75,0.75,0.75,0.75,0.75,1,1,1,1,1,1,1,1,1,1,1,1,1,0.75,0.75,0.75,1,1,1,0.75,0.75,0.75,0.5,0.75,0.5,0.5,0.5,0.5,0.5,0.5,0.5,0.5,0.5,0.5,0.5,0.5,0.5,0.5,0.25,0.25,0.25,0.25,0.5,0.5,0.5,0.5,0.5,0.5,0.5,0.5,0.5,0.5,0.5,0.5,0.5,0.5,0.5,0.75
43,0.5,0.5,0.5,0.5,0.75,0.5,0.5,0.5,0.5,0.5,0.75,0.75,0.75,0.75,0.5,0.5,0.75,0.75,0.75,0.75,0.5,0.5,0.5,0.5,0.75,0.75,0.75,0.75,0.75,1,1,0.75,0.75,0.75,0.75,0.75,0.75,1,1,1,1,1,1,1,1,1,1,1,1,0.75,0.5,0.5,0.75,0.75,1,1,0.5,0.5,0.5,0.5,0.5,0.5,0.5,0.5,0.5,0.25,0.5,0.5,0.5,0.5,0.25,0.5,0.5,0.25,0.5,0.25,0.25,0.25,0.25,0.5,0.5,0.5,0.5,0.25,0.5,0.5,0.5,0.5,0.25,0.5,0.5,0.5,0.5,0.5,0.75
44,0.5,0.5,0.5,0.5,0.75,0.5,0.5,0.5,0.5,0.5,0.75,0.75,0.75,0.75,0.5,0.5,0.5,0.75,0.75,0.75,0.5,0.5,0.5,0.5,0.75,0.75,0.75,0.75,0.75,1,1,0.75,0.75,0.75,0.75,0.75,0.75,1,1,1,1,1,1,1,1,1,1,1,1,0.75,0.75,0.5,0.75,0.75,1,1,0.5,0.5,0.5,0.5,0.5,0.5,0.5,0.5,0.5,0.25,0.5,0.5,0.5,0.5,0.25,0.5,0.5,0.5,0.5,0.25,0.25,0.25,0.25,0.5,0.5,0.5,0.5,0.5,0.5,0.5,0.5,0.5,0.25,0.5,0.5,0.5,0.5,0.5,0.75
45,0.5,0.5,0.5,0.5,0.75,0.5,0.5,0.5,0.75,0.75,0.75,0.75,0.75,0.75,0.75,0.5,0.75,0.75,0.75,0.75,0.75,0.5,0.5,0.75,0.75,0.75,0.75,1,1,1,1,0.75,0.75,0.75,0.75,0.75,0.75,1,1,1,1,1,1,1,1,1,0.75,1,0.75,0.75,0.5,0.5,0.75,0.75,1,1,0.5,0.5,0.5,0.5,0.5,0.5,0.5,0.5,0.5,0.25,0.5,0.5,0.5,0.5,0.25,0.5,0.25,0.25,0.25,0.25,0.25,0.25,0.25,0.25,0.5,0.5,0.25,0.25,0.5,0.5,0.5,0.25,0.25,0.5,0.5,0.5,0.5,0.5,0.75
46,0.5,0.5,0.5,0.5,0.75,0.5,0.5,0.5,0.75,0.75,0.75,0.75,0.75,0.75,0.75,0.75,0.75,0.75,0.75,0.75,0.75,0.5,0.5,0.75,1,1,1,1,1,1,1,0.75,0.75,0.5,0.75,0.75,0.75,0.75,0.75,1,1,1,1,1,1,1,0.75,0.75,0.75,0.75,0.5,0.5,0.5,0.75,1,1,0.5,0.5,0.5,0.5,0.5,0.5,0.25,0.25,0.25,0.25,0.25,0.25,0.25,0.5,0.25,0.25,0.25,0.25,0.25,0.25,0,0.25,0.25,0.25,0.25,0.25,0.25,0.25,0.25,0.25,0.5,0.25,0.25,0.25,0.25,0.5,0.5,0.5,0.5
47,0.75,0.75,0.75,0.75,0.75,0.75,0.75,0.75,0.5,0.75,0.75,0.75,0.75,0.75,0.5,0.5,0.5,0.5,0.5,0.5,0.5,0.25,0.25,0.5,0.5,0.75,0.75,0.75,0.75,0.75,1,1,1,0.75,0.75,0.75,0.75,1,1,1,1,1,1,1,0.75,0.75,1,1,1,1,0.75,0.75,1,1,1,1,0.75,0.75,0.75,0.75,0.75,0.75,0.75,0.75,0.75,0.5,0.75,0.5,0.5,0.75,0.5,0.75,0.5,0.5,0.5,0.25,0.25,0.25,0.25,0.5,0.5,0.5,0.5,0.5,0.5,0.5,0.5,0.5,0.5,0.5,0.75,0.75,0.75,0.75,0.75
48,0.75,0.75,0.75,0.75,0.75,0.75,0.75,0.75,0.75,0.75,0.75,0.75,0.75,0.75,0.5,0.5,0.5,0.5,0.5,0.5,0.5,0.25,0.25,0.5,0.75,0.75,0.75,0.75,0.75,0.75,1,1,1,1,1,0.75,0.75,1,1,1,1,1,1,1,1,0.75,1,1,1,1,1,0.75,1,1,1,1,0.75,0.75,0.75,0.75,1,0.75,0.75,0.75,0.75,0.5,0.75,0.5,0.5,0.75,0.75,0.75,0.75,0.5,0.5,0.25,0.25,0.25,0.25,0.5,0.5,0.5,0.5,0.5,0.5,0.75,0.75,0.5,0.5,0.5,0.75,0.75,0.75,0.75,0.75
49,0.75,0.75,0.75,0.75,0.75,0.75,0.75,0.75,0.5,0.5,0.5,0.75,0.75,0.5,0.5,0.5,0.5,0.5,0.5,0.5,0.5,0.25,0.25,0.5,0.5,0.75,0.75,0.75,0.75,0.75,0.75,0.75,0.75,0.75,0.75,0.75,0.75,1,1,1,1,1,1,1,0.75,0.75,1,1,1,1,1,0.75,1,1,1,1,0.75,0.75,0.75,0.75,0.75,0.75,0.75,0.75,0.5,0.5,0.75,0.5,0.5,0.75,0.5,0.75,0.5,0.5,0.5,0.25,0.25,0.25,0.25,0.5,0.5,0.5,0.5,0.5,0.5,0.5,0.5,0.5,0.5,0.5,0.5,0.75,0.75,0.75,0.75
50,0.75,0.75,0.75,0.75,0.75,0.75,0.75,0.75,0.5,0.75,0.75,0.75,0.75,0.75,0.5,0.5,0.5,0.5,0.5,0.5,0.5,0.25,0.25,0.5,0.5,0.5,0.75,0.75,0.75,0.75,0.75,1,1,1,1,0.75,0.75,1,1,1,1,1,0.75,0.75,0.75,0.75,1,1,1,1,1,1,1,1,1,1,1,1,0.75,0.75,1,0.75,0.75,0.75,0.75,0.75,0.75,0.75,0.75,0.75,0.75,0.75,0.75,0.5,0.5,0.25,0.25,0.25,0.25,0.5,0.5,0.5,0.5,0.5,0.75,0.75,0.75,0.5,0.5,0.5,0.75,0.75,0.75,0.75,0.75
51,0.5,0.5,0.75,0.75,0.75,0.75,0.75,0.75,0.5,0.5,0.5,0.5,0.5,0.5,0.5,0.25,0.5,0.5,0.25,0.5,0.25,0.25,0.25,0.25,0.5,0.5,0.5,0.5,0.5,0.5,0.75,0.75,1,0.75,0.75,0.5,0.5,0.75,0.75,0.75,0.75,0.75,0.5,0.75,0.5,0.5,0.75,1,1,1,1,1,1,1,0.75,0.75,1,1,1,1,1,1,1,1,0.75,0.75,0.75,0.75,0.75,0.75,0.75,0.75,0.75,0.5,0.5,0.25,0.25,0.25,0.25,0.5,0.5,0.5,0.5,0.5,0.75,0.75,0.75,0.5,0.5,0.5,0.75,0.75,0.75,0.75,0.75
52,0.75,0.75,0.75,0.75,0.75,0.75,0.75,0.75,0.5,0.5,0.5,0.5,0.75,0.5,0.5,0.5,0.5,0.5,0.25,0.5,0.25,0.25,0.25,0.25,0.25,0.5,0.5,0.5,0.5,0.5,0.75,0.75,1,1,0.75,0.75,0.75,0.75,0.75,0.75,0.75,0.75,0.5,0.5,0.5,0.5,0.75,0.75,0.75,1,1,1,1,1,0.75,0.75,1,1,1,1,1,1,1,1,1,1,1,0.75,1,1,1,1,1,0.75,0.75,0.25,0.25,0.5,0.25,0.75,0.75,0.75,0.75,0.75,0.75,0.75,0.75,0.75,0.75,0.75,0.75,1,1,1,0.75
53,0.75,0.75,0.75,0.75,0.75,0.75,0.75,0.75,0.5,0.5,0.5,0.75,0.75,0.75,0.5,0.5,0.5,0.5,0.5,0.5,0.5,0.25,0.25,0.25,0.5,0.5,0.5,0.75,0.75,0.75,0.75,1,1,1,0.75,0.75,0.75,0.75,0.75,1,0.75,0.75,0.75,0.75,0.75,0.5,1,1,1,1,1,1,1,1,1,0.75,1,1,1,1,1,1,1,1,0.75,0.75,0.75,0.75,0.75,0.75,0.75,0.75,0.75,0.5,0.5,0.25,0.25,0.25,0.25,0.5,0.5,0.5,0.5,0.5,0.75,0.75,0.75,0.75,0.5,0.5,0.75,0.75,0.75,1,1
54,0.75,0.75,0.75,0.75,0.75,0.75,0.75,0.75,0.75,0.75,0.75,0.75,0.75,0.75,0.5,0.5,0.5,0.5,0.5,0.5,0.5,0.25,0.25,0.5,0.5,0.5,0.75,0.75,0.75,0.75,1,1,1,1,1,0.75,0.75,1,1,1,1,1,0.75,0.75,0.75,0.75,1,1,1,1,1,1,1,1,1,1,1,1,1,0.75,1,0.75,0.75,0.75,0.75,0.75,0.75,0.5,0.5,0.75,0.75,0.75,0.75,0.5,0.5,0.25,0.25,0.25,0.25,0.5,0.5,0.5,0.5,0.5,0.5,0.75,0.75,0.5,0.5,0.5,0.75,0.75,0.75,1,1
55,0.75,0.75,0.75,0.75,0.75,0.75,0.75,0.75,0.75,0.75,0.75,0.75,0.75,0.75,0.75,0.5,0.75,0.75,0.75,0.75,0.5,0.5,0.5,0.5,0.75,0.75,0.75,1,1,1,1,1,1,0.75,1,0.75,0.75,1,1,1,1,1,1,1,1,1,1,1,1,1,0.75,0.75,1,1,1,1,0.75,0.75,0.75,0.75,0.75,0.75,0.75,0.75,0.75,0.5,0.5,0.5,0.5,0.5,0.5,0.5,0.5,0.5,0.5,0.25,0.25,0.25,0.25,0.5,0.5,0.5,0.5,0.5,0.5,0.5,0.5,0.5,0.5,0.5,0.75,0.75,0.75,0.75,0.75
56,0.75,0.5,0.75,0.75,0.75,0.75,0.5,0.5,0.75,0.75,0.75,0.75,0.75,0.75,0.75,0.5,0.75,0.75,0.75,0.75,0.5,0.5,0.5,0.5,0.75,0.75,0.75,1,1,1,1,1,0.75,0.75,1,1,0.75,1,1,1,1,1,1,1,1,1,1,1,1,1,0.75,0.75,0.75,1,1,1,0.75,0.75,0.75,0.75,0.75,0.5,0.5,0.5,0.5,0.5,0.5,0.5,0.5,0.5,0.5,0.5,0.5,0.5,0.5,0.25,0.25,0.25,0.25,0.5,0.5,0.5,0.5,0.5,0.5,0.5,0.5,0.5,0.5,0.5,0.5,0.5,0.75,0.75,0.75
57,0.75,0.75,0.75,0.75,0.75,1,0.75,0.75,0.5,0.5,0.5,0.5,0.5,0.5,0.5,0.25,0.5,0.5,0.25,0.25,0.25,0.25,0.25,0.25,0.25,0.5,0.5,0.5,0.5,0.5,0.75,0.75,1,1,0.75,0.75,0.75,0.75,0.75,0.75,0.75,0.75,0.5,0.5,0.5,0.5,0.75,0.75,0.75,1,1,1,1,1,0.75,0.75,1,1,1,1,1,1,1,1,1,0.75,0.75,0.75,0.75,1,1,1,0.75,0.5,0.5,0.25,0,0.25,0.25,0.5,0.75,0.75,0.5,0.5,0.75,0.75,0.75,0.75,0.75,0.75,1,1,1,1,1
58,0.75,0.75,0.75,0.75,0.75,1,0.75,0.75,0.5,0.75,0.75,0.75,0.75,0.75,0.5,0.25,0.5,0.5,0.25,0.5,0.25,0.25,0.25,0.25,0.5,0.5,0.5,0.75,0.75,0.5,0.75,1,1,1,0.75,0.75,0.75,0.75,0.75,0.75,0.75,0.75,0.5,0.5,0.5,0.5,0.75,0.75,0.75,1,1,1,1,1,0.75,0.75,1,1,1,1,1,0.75,1,1,1,0.75,0.75,0.75,0.75,1,0.75,0.75,0.75,0.75,0.5,0.25,0.25,0.25,0.25,0.5,0.5,0.75,0.5,0.5,0.75,0.75,0.75,0.75,0.75,0.75,0.75,1,1,1,1
59,0.75,0.75,0.75,0.75,0.75,1,1,0.75,0.5,0.75,0.75,0.75,0.75,0.5,0.5,0.5,0.5,0.5,0.25,0.5,0.25,0.25,0.25,0.25,0.25,0.5,0.5,0.5,0.5,0.5,0.75,0.75,1,1,0.75,0.75,0.75,0.75,0.75,0.75,0.75,0.75,0.5,0.5,0.5,0.5,0.75,0.75,0.75,0.75,1,1,1,1,0.75,0.75,1,1,1,1,1,1,1,1,1,0.75,1,0.75,0.75,1,1,1,0.75,0.75,0.75,0.5,0.25,0.5,0.5,0.75,0.75,0.75,0.75,0.75,0.75,1,1,0.75,0.75,0.75,1,1,1,1,1
60,0.75,0.75,0.75,0.75,0.75,1,1,0.75,0.5,0.5,0.5,0.5,0.75,0.5,0.5,0.5,0.5,0.25,0.25,0.5,0.25,0.25,0.25,0.25,0.25,0.5,0.5,0.5,0.5,0.5,0.75,0.75,1,1,0.75,0.5,0.75,0.75,0.75,0.75,0.75,0.5,0.5,0.5,0.5,0.5,0.75,0.75,0.75,0.75,1,1,1,0.75,0.75,0.75,1,1,1,1,1,1,1,1,1,1,1,1,1,1,1,1,1,0.75,0.75,0.5,0.25,0.5,0.5,0.75,0.75,0.75,0.75,0.75,1,1,1,0.75,0.75,0.75,1,1,1,1,0.75
61,0.75,0.75,0.75,0.75,0.75,1,0.75,0.75,0.5,0.75,0.75,0.75,0.75,0.75,0.5,0.5,0.5,0.5,0.5,0.5,0.25,0.25,0.25,0.25,0.5,0.5,0.5,0.75,0.75,0.75,0.75,1,1,1,0.75,0.75,0.75,0.75,0.75,0.75,0.75,0.75,0.5,0.5,0.5,0.5,0.75,1,0.75,1,1,1,1,1,0.75,0.75,1,1,1,1,1,1,1,1,1,0.75,1,0.75,0.75,1,0.75,1,0.75,0.75,0.75,0.25,0.25,0.5,0.25,0.75,0.75,0.75,0.75,0.75,0.75,0.75,0.75,0.75,0.75,0.75,0.75,1,1,1,1
62,0.75,0.5,0.5,0.75,0.75,0.75,0.75,0.75,0.5,0.5,0.5,0.5,0.5,0.5,0.5,0.25,0.5,0.25,0.25,0.25,0.25,0.25,0.25,0.25,0.25,0.5,0.5,0.5,0.5,0.5,0.5,0.75,0.75,0.75,0.75,0.5,0.5,0.75,0.75,0.75,0.5,0.5,0.5,0.5,0.5,0.5,0.75,0.75,0.75,0.75,1,1,1,0.75,0.75,0.5,1,0.75,1,1,1,1,1,1,1,1,1,1,1,1,1,1,1,0.75,0.75,0.5,0.25,0.5,0.5,0.75,0.75,0.75,0.75,0.75,1,0.75,0.75,0.75,0.75,0.75,0.75,0.75,0.75,0.75,0.75
63,0.75,0.75,0.75,0.75,0.75,0.75,0.75,0.75,0.5,0.5,0.5,0.5,0.5,0.5,0.5,0.25,0.5,0.25,0.25,0.25,0.25,0.25,0.25,0.25,0.25,0.5,0.5,0.5,0.5,0.5,0.5,0.75,0.75,1,0.75,0.5,0.5,0.75,0.5,0.75,0.5,0.5,0.5,0.5,0.5,0.25,0.75,0.75,0.75,0.75,1,1,1,0.75,0.75,0.5,1,1,1,1,1,1,1,1,1,1,1,1,1,1,1,1,1,0.75,0.75,0.5,0.25,0.5,0.5,0.75,0.75,0.75,0.75,0.75,1,1,1,0.75,0.75,0.75,0.75,1,1,0.75,0.75
64,0.75,0.75,0.75,0.75,0.75,0.75,0.75,0.75,0.5,0.5,0.5,0.5,0.5,0.5,0.5,0.25,0.5,0.25,0.25,0.25,0.25,0.25,0.25,0.25,0.25,0.5,0.5,0.5,0.5,0.5,0.5,0.75,0.75,1,0.75,0.5,0.5,0.5,0.5,0.75,0.5,0.5,0.5,0.5,0.5,0.25,0.75,0.75,0.75,0.75,1,1,1,0.75,0.75,0.5,1,1,1,1,1,1,1,1,1,1,1,1,1,1,1,1,1,0.75,0.75,0.5,0.25,0.5,0.25,0.75,0.75,0.75,0.75,0.75,1,1,1,0.75,0.75,0.75,1,1,1,0.75,0.75
65,0.75,0.75,0.75,0.75,0.75,0.75,0.75,0.75,0.5,0.5,0.5,0.5,0.5,0.5,0.25,0.25,0.5,0.25,0.25,0.25,0.25,0.25,0,0.25,0.25,0.25,0.5,0.5,0.5,0.5,0.5,0.75,0.75,1,0.75,0.5,0.5,0.5,0.5,0.75,0.5,0.5,0.5,0.5,0.5,0.25,0.75,0.75,0.5,0.75,0.75,1,0.75,0.75,0.75,0.5,1,1,1,1,1,1,1,1,1,1,1,1,1,1,1,1,1,0.75,0.75,0.25,0.25,0.5,0.25,0.75,0.75,0.75,0.75,0.75,1,1,1,1,0.75,0.75,1,1,1,1,0.75
66,0.75,0.75,0.75,0.75,0.5,0.75,0.75,0.75,0.5,0.5,0.5,0.5,0.5,0.5,0.25,0.25,0.25,0.25,0.25,0.25,0.25,0.25,0.25,0.25,0.25,0.25,0.5,0.5,0.25,0.25,0.5,0.5,0.75,0.75,0.5,0.5,0.5,0.5,0.5,0.5,0.5,0.5,0.25,0.25,0.25,0.25,0.5,0.5,0.5,0.75,0.75,1,0.75,0.75,0.5,0.5,0.75,0.75,0.75,1,0.75,1,1,1,1,1,1,1,1,1,1,1,1,0.75,0.75,0.25,0.25,0.5,0.5,1,1,1,0.75,0.75,1,1,1,1,1,1,1,1,1,0.75,0.75
67,0.75,0.75,0.75,0.75,0.75,0.75,0.75,0.75,0.5,0.5,0.5,0.5,0.5,0.5,0.5,0.25,0.25,0.25,0.25,0.25,0.25,0.25,0.25,0.25,0.25,0.5,0.5,0.5,0.5,0.5,0.5,0.75,0.75,0.75,0.75,0.5,0.5,0.5,0.5,0.5,0.5,0.5,0.5,0.5,0.5,0.25,0.75,0.75,0.75,0.75,0.75,1,0.75,0.75,0.5,0.5,0.75,0.75,1,1,1,1,1,1,1,1,1,1,1,1,1,1,1,1,0.75,0.5,0.5,0.75,0.5,1,1,1,1,1,1,1,1,1,1,1,1,1,1,0.75,0.75
68,0.75,0.75,0.75,0.75,0.75,0.75,0.75,0.75,0.25,0.5,0.5,0.5,0.5,0.5,0.5,0.25,0.25,0.25,0.25,0.25,0.25,0.25,0.25,0.25,0.25,0.25,0.5,0.5,0.5,0.5,0.5,0.5,0.75,0.75,0.5,0.5,0.5,0.5,0.5,0.5,0.5,0.5,0.5,0.5,0.5,0.25,0.5,0.5,0.5,0.75,0.75,0.75,0.75,0.5,0.5,0.5,0.75,0.75,0.75,1,0.75,1,1,1,1,1,1,1,1,1,1,1,1,1,1,0.5,0.5,0.75,0.5,1,1,1,1,1,1,1,1,0.75,0.75,0.75,0.75,0.75,0.75,0.75,0.75
69,0.75,0.75,0.75,0.75,0.75,0.75,0.75,0.75,0.5,0.5,0.5,0.5,0.5,0.5,0.25,0.25,0.25,0.25,0.25,0.25,0.25,0.25,0.25,0.25,0.25,0.25,0.5,0.5,0.5,0.5,0.5,0.5,0.75,0.75,0.5,0.5,0.5,0.5,0.5,0.5,0.5,0.5,0.5,0.5,0.5,0.25,0.5,0.5,0.5,0.75,0.75,1,0.75,0.5,0.5,0.5,0.75,0.75,0.75,1,0.75,1,1,1,1,1,1,1,1,1,1,1,1,1,0.75,0.5,0.5,0.75,0.5,1,1,1,1,1,1,1,1,1,1,1,1,1,1,0.75,0.75
70,0.75,0.75,0.75,0.75,0.75,0.75,0.75,0.75,0.5,0.5,0.5,0.5,0.5,0.5,0.5,0.25,0.25,0.25,0.25,0.25,0.25,0.25,0.25,0.25,0.25,0.5,0.5,0.5,0.5,0.5,0.5,0.75,0.75,0.75,0.75,0.5,0.5,0.5,0.5,0.5,0.5,0.5,0.5,0.5,0.5,0.5,0.75,0.75,0.75,0.75,0.75,1,0.75,0.75,0.5,0.5,1,1,1,1,1,1,1,1,1,1,1,1,1,1,1,1,1,0.75,0.75,0.5,0.5,0.75,0.5,1,1,1,0.75,0.75,1,1,1,1,1,1,1,1,1,0.75,0.75
71,0.75,0.75,0.75,0.75,0.5,0.75,0.75,0.75,0.5,0.5,0.5,0.5,0.5,0.5,0.25,0.25,0.25,0.25,0.25,0.25,0.25,0.25,0,0.25,0.25,0.25,0.5,0.5,0.25,0.5,0.5,0.75,0.75,0.75,0.5,0.5,0.5,0.5,0.5,0.5,0.5,0.5,0.25,0.25,0.25,0.25,0.5,0.75,0.5,0.75,0.75,1,0.75,0.75,0.5,0.5,1,0.75,1,1,0.75,1,1,1,1,1,1,1,1,1,1,1,1,0.75,0.75,0.5,0.25,0.5,0.25,0.75,1,1,0.75,0.75,1,1,1,0.75,0.75,0.75,1,1,1,0.75,0.75
72,0.75,0.75,0.5,0.75,0.75,0.75,0.75,0.75,0.25,0.5,0.5,0.5,0.5,0.5,0.5,0.25,0.25,0.25,0.25,0.25,0.25,0.25,0.25,0.25,0.25,0.5,0.5,0.5,0.5,0.5,0.5,0.75,0.75,0.75,0.75,0.5,0.5,0.5,0.5,0.5,0.5,0.5,0.5,0.5,0.5,0.25,0.75,0.75,0.75,0.75,0.75,1,0.75,0.75,0.5,0.5,1,0.75,1,1,1,1,1,1,1,1,1,1,1,1,1,1,1,1,0.75,0.5,0.5,0.5,0.5,0.75,0.75,1,0.75,0.75,1,1,1,0.75,0.75,0.75,0.75,0.75,1,0.75,0.75
73,0.75,0.75,0.75,0.75,0.5,0.75,0.75,0.75,0.25,0.5,0.5,0.5,0.5,0.5,0.25,0.25,0.5,0.25,0.25,0.25,0.25,0.25,0.25,0.25,0.25,0.25,0.5,0.5,0.5,0.5,0.5,0.75,0.75,0.75,0.5,0.5,0.5,0.5,0.5,0.5,0.5,0.5,0.5,0.5,0.25,0.25,0.5,0.75,0.5,0.75,0.75,1,0.75,0.75,0.5,0.5,0.75,0.75,0.75,1,0.75,1,1,1,1,1,1,1,1,1,1,1,1,1,1,0.5,0.25,0.5,0.5,0.75,0.75,1,1,1,1,0.75,0.75,0.75,0.75,0.75,0.75,0.75,0.75,0.75,0.75
74,0.75,0.75,0.5,0.75,0.5,0.75,0.75,0.75,0.25,0.5,0.5,0.5,0.5,0.5,0.25,0.25,0.25,0.25,0.25,0.25,0.25,0.25,0.25,0.25,0.25,0.25,0.25,0.5,0.25,0.5,0.5,0.5,0.5,0.75,0.5,0.5,0.5,0.5,0.5,0.5,0.5,0.5,0.25,0.5,0.25,0.25,0.5,0.5,0.5,0.5,0.5,0.75,0.5,0.5,0.5,0.5,0.5,0.75,0.75,0.75,0.75,0.75,0.75,0.75,0.75,0.75,1,1,1,0.75,0.75,1,1,1,1,0.5,0.5,0.5,0.5,0.75,0.75,1,1,1,1,0.75,0.75,0.75,0.75,0.75,0.75,0.75,0.75,0.5,0.5
75,0.5,0.5,0.5,0.5,0.5,0.5,0.5,0.5,0.25,0.5,0.5,0.5,0.5,0.5,0.25,0.25,0.25,0.25,0.25,0.25,0.25,0.25,0.25,0.25,0.25,0.25,0.25,0.25,0.5,0.5,0.5,0.5,0.5,0.5,0.5,0.5,0.5,0.5,0.5,0.5,0.5,0.5,0.5,0.5,0.25,0.25,0.5,0.5,0.5,0.5,0.5,0.75,0.5,0.5,0.5,0.5,0.5,0.5,0.75,0.75,0.75,0.75,0.75,0.75,0.75,0.75,0.75,1,0.75,0.75,0.75,0.75,1,1,1,0.5,0.25,1,0.5,0.75,0.75,1,1,1,1,0.75,0.75,0.5,0.5,0.75,0.5,0.75,0.75,0.5,0.5
76,0.25,0.25,0.25,0.25,0.25,0.25,0.5,0.5,0,0.25,0.25,0.25,0.25,0.25,0.25,0,0,0,0,0,0,0,0,0,0,0.25,0.25,0.25,0.25,0.25,0.25,0.25,0.25,0.25,0.25,0.25,0.25,0.25,0.25,0.25,0.25,0.25,0.25,0.25,0.25,0.25,0.25,0.25,0.25,0.25,0.25,0.25,0.25,0.25,0.25,0.25,0.25,0.25,0.5,0.5,0.25,0.5,0.5,0.5,0.25,0.25,0.5,0.5,0.5,0.5,0.5,0.5,0.5,0.5,0.5,1,1,0.25,1,0.5,0.5,0.5,0.25,0.5,0.5,0.5,0.5,0.5,0.5,0.5,0.5,0.5,0.5,0.25,0.25
77,0.25,0.25,0.25,0.25,0.25,0.25,0.25,0.25,0,0.25,0.25,0.25,0.25,0.25,0,0,0,0,0,0,0,0,0,0,0,0,0,0,0.25,0.25,0.25,0.25,0.25,0.25,0.25,0.25,0.25,0.25,0.25,0.25,0.25,0.25,0.25,0.25,0.25,0,0.25,0.25,0.25,0.25,0.25,0.25,0.25,0.25,0.25,0.25,0,0.25,0.25,0.25,0.25,0.25,0.25,0.25,0.25,0.25,0.5,0.5,0.5,0.5,0.25,0.5,0.25,0.5,0.25,1,1,0.25,1,0.5,0.5,0.5,0.25,0.5,0.5,0.25,0.5,0.5,0.5,0.5,0.5,0.25,0.5,0,0.25
78,0.5,0.5,0.25,0.5,0.5,0.5,0.5,0.5,0,0.25,0.25,0.25,0.5,0.25,0.25,0.25,0.25,0,0.25,0.25,0.25,0.25,0.25,0.25,0.25,0.25,0.25,0.25,0.25,0.25,0.25,0.25,0.25,0.5,0.25,0.25,0.25,0.25,0.25,0.25,0.25,0.25,0.25,0.25,0.25,0.25,0.25,0.25,0.25,0.25,0.25,0.5,0.25,0.25,0.25,0.25,0.25,0.25,0.5,0.5,0.5,0.5,0.5,0.5,0.5,0.5,0.75,0.75,0.75,0.75,0.5,0.5,0.5,0.5,1,0.25,0.25,1,0.25,0.75,0.75,0.75,1,1,0.75,0.5,0.5,0.5,0.5,0.75,0.5,0.5,0.5,0.25,0.5
79,0.5,0.5,0.25,0.5,0.5,0.25,0.5,0.5,0,0.25,0.25,0.25,0.25,0.25,0.25,0.25,0,0,0.25,0.25,0.25,0.25,0.25,0.25,0.25,0.25,0.25,0.25,0.25,0.25,0.25,0.25,0.25,0.25,0.25,0.25,0.25,0.25,0.25,0.25,0.25,0.25,0.25,0.25,0.25,0.25,0.25,0.25,0.25,0.25,0.25,0.25,0.25,0.25,0.25,0.25,0.25,0.25,0.5,0.5,0.25,0.5,0.5,0.25,0.25,0.5,0.5,0.5,0.5,0.5,0.25,0.5,0.5,0.5,0.5,1,1,0.25,1,0.75,0.75,0.75,0.5,0.5,0.5,0.5,0.5,0.5,0.5,0.5,0.5,0.5,0.5,0.25,0.25
80,0.75,0.75,0.75,0.75,0.5,0.75,0.75,0.75,0.25,0.5,0.5,0.5,0.5,0.5,0.25,0.25,0.25,0.25,0.25,0.25,0.25,0.25,0.25,0.25,0.25,0.25,0.25,0.25,0.25,0.25,0.5,0.5,0.5,0.75,0.5,0.5,0.5,0.5,0.5,0.5,0.5,0.5,0.5,0.5,0.25,0.25,0.5,0.5,0.5,0.5,0.5,0.75,0.5,0.5,0.5,0.5,0.5,0.5,0.75,0.75,0.75,0.75,0.75,0.75,0.75,1,1,1,1,1,0.75,0.75,0.75,0.75,0.75,0.5,0.5,0.75,0.75,1,1,1,0.75,0.75,1,1,1,1,1,1,1,0.75,0.75,0.75,0.75
81,0.75,0.75,0.75,0.75,0.75,0.75,0.75,0.75,0.25,0.5,0.5,0.5,0.5,0.5,0.25,0.25,0.25,0.25,0.25,0.25,0.25,0.25,0.25,0.25,0.25,0.25,0.25,0.25,0.5,0.5,0.5,0.5,0.5,0.75,0.5,0.5,0.5,0.5,0.5,0.5,0.5,0.5,0.5,0.5,0.5,0.25,0.5,0.5,0.5,0.5,0.5,0.75,0.5,0.5,0.5,0.5,0.75,0.5,0.75,0.75,0.75,0.75,0.75,0.75,0.75,1,1,1,1,1,1,0.75,0.75,0.75,0.75,0.5,0.5,0.75,0.75,1,1,1,0.75,0.75,1,1,1,1,1,1,1,0.75,0.75,0.75,0.75
82,0.75,0.75,0.75,0.75,0.75,0.75,0.75,0.75,0.25,0.5,0.5,0.5,0.5,0.5,0.5,0.25,0.25,0.25,0.25,0.25,0.25,0.25,0.25,0.25,0.25,0.25,0.25,0.25,0.5,0.5,0.5,0.5,0.5,0.75,0.5,0.5,0.5,0.5,0.5,0.5,0.5,0.5,0.5,0.5,0.5,0.25,0.5,0.5,0.5,0.5,0.5,0.75,0.5,0.5,0.5,0.5,0.75,0.75,0.75,0.75,0.75,0.75,0.75,0.75,0.75,1,1,1,1,1,1,1,1,1,1,0.5,0.5,0.75,0.75,1,1,1,1,1,1,1,1,1,1,1,1,0.75,1,0.5,0.75
83,0.75,0.75,0.75,0.75,0.5,0.75,0.75,0.75,0.25,0.5,0.5,0.5,0.5,0.5,0.5,0.25,0.25,0,0.25,0.25,0.25,0.25,0.25,0.25,0.25,0.25,0.25,0.25,0.5,0.5,0.5,0.5,0.5,0.5,0.5,0.5,0.5,0.5,0.5,0.5,0.5,0.5,0.5,0.5,0.25,0.25,0.5,0.5,0.5,0.5,0.5,0.75,0.5,0.5,0.5,0.5,0.5,0.5,0.75,0.75,0.75,0.75,0.75,0.75,0.75,0.75,1,1,1,0.75,0.75,0.75,1,1,1,0.25,0.25,1,0.5,0.75,0.75,1,1,1,1,0.75,0.75,0.75,0.75,0.75,0.75,0.75,0.75,0.5,0.5
84,0.75,0.75,0.5,0.75,0.5,0.75,0.75,0.75,0.25,0.5,0.5,0.5,0.5,0.5,0.25,0.25,0.25,0.25,0.25,0.25,0.25,0.25,0.25,0.25,0.25,0.25,0.25,0.25,0.25,0.25,0.5,0.5,0.5,0.5,0.5,0.5,0.5,0.5,0.5,0.5,0.5,0.5,0.25,0.5,0.25,0.25,0.5,0.5,0.5,0.5,0.5,0.75,0.5,0.5,0.5,0.5,0.5,0.5,0.75,0.75,0.75,0.75,0.75,0.75,0.75,0.75,1,1,1,0.75,0.75,0.75,1,1,1,0.5,0.5,1,0.5,0.75,0.75,1,1,1,1,0.75,0.75,0.75,0.75,0.75,0.75,0.75,0.75,0.5,0.5
85,0.75,0.75,0.75,0.75,0.75,0.75,0.75,0.75,0.25,0.5,0.5,0.5,0.75,0.5,0.5,0.25,0.25,0.25,0.25,0.25,0.25,0.25,0.25,0.25,0.25,0.5,0.5,0.5,0.5,0.5,0.5,0.5,0.75,0.75,0.5,0.5,0.5,0.5,0.5,0.5,0.5,0.5,0.5,0.5,0.5,0.25,0.5,0.5,0.5,0.75,0.75,0.75,0.75,0.5,0.5,0.5,0.75,0.75,0.75,1,0.75,1,1,1,1,1,1,1,1,1,1,1,1,1,1,0.5,0.5,0.75,0.5,1,1,1,1,1,1,1,1,1,1,1,1,1,1,0.75,0.75
86,0.75,0.75,0.75,0.75,0.75,1,1,0.75,0.5,0.5,0.5,0.5,0.75,0.5,0.25,0.25,0.25,0.25,0.25,0.25,0.25,0.25,0.25,0.25,0.25,0.25,0.5,0.5,0.5,0.5,0.5,0.75,0.75,0.75,0.75,0.5,0.5,0.5,0.5,0.5,0.5,0.5,0.5,0.5,0.5,0.25,0.5,0.75,0.5,0.75,0.75,0.75,0.75,0.75,0.5,0.5,0.75,0.75,1,1,0.75,0.75,1,1,1,1,1,1,1,1,1,1,0.75,0.75,0.75,0.5,0.25,0.5,0.5,1,1,1,0.75,0.75,1,1,1,1,1,1,1,1,1,1,0.75
87,0.75,0.75,0.75,0.75,0.75,1,1,0.75,0.5,0.5,0.5,0.5,0.75,0.5,0.5,0.25,0.25,0.25,0.25,0.25,0.25,0.25,0.25,0.25,0.25,0.25,0.5,0.5,0.5,0.5,0.5,0.75,0.75,0.75,0.75,0.5,0.5,0.5,0.5,0.5,0.5,0.5,0.5,0.5,0.5,0.5,0.5,0.75,0.5,0.75,0.75,0.75,0.75,0.75,0.5,0.5,0.75,0.75,1,1,0.75,0.75,1,1,1,1,1,1,1,1,1,1,0.75,0.75,0.75,0.5,0.5,0.5,0.5,1,1,1,0.75,0.75,1,1,1,1,1,1,1,1,1,1,0.75
88,0.75,0.75,0.75,0.75,0.75,0.75,1,0.75,0.5,0.5,0.5,0.5,0.5,0.5,0.25,0.25,0.25,0.25,0.25,0.25,0.25,0.25,0.25,0.25,0.25,0.25,0.25,0.5,0.25,0.25,0.5,0.5,0.75,0.75,0.5,0.5,0.5,0.5,0.5,0.5,0.5,0.5,0.5,0.5,0.25,0.25,0.5,0.5,0.5,0.5,0.5,0.75,0.75,0.5,0.5,0.5,0.75,0.75,0.75,0.75,0.75,0.75,0.75,0.75,1,1,1,0.75,1,1,0.75,0.75,0.75,0.75,0.5,0.5,0.5,0.5,0.5,1,1,1,0.75,0.75,1,1,1,1,1,1,1,1,1,0.75,0.75
89,0.75,0.75,0.75,0.75,0.5,0.75,0.75,0.75,0.5,0.5,0.5,0.5,0.5,0.5,0.25,0.25,0.25,0.25,0.25,0.25,0.25,0.25,0.25,0.25,0.25,0.25,0.25,0.25,0.25,0.25,0.5,0.5,0.5,0.75,0.5,0.25,0.5,0.5,0.5,0.5,0.5,0.5,0.25,0.25,0.25,0.25,0.5,0.5,0.5,0.5,0.5,0.75,0.5,0.5,0.5,0.5,0.75,0.75,0.75,0.75,0.75,0.75,0.75,0.75,0.75,1,1,0.75,1,1,0.75,0.75,0.75,0.75,0.5,0.5,0.5,0.5,0.5,1,1,1,0.75,0.75,1,1,1,1,1,1,1,1,0.75,0.75,0.5
90,0.75,0.75,0.75,0.75,0.75,0.75,0.75,0.75,0.25,0.5,0.5,0.5,0.75,0.5,0.25,0.25,0.25,0.25,0.25,0.25,0.25,0.25,0.25,0.25,0.25,0.25,0.25,0.25,0.5,0.5,0.5,0.5,0.5,0.75,0.5,0.5,0.5,0.5,0.5,0.5,0.5,0.5,0.5,0.5,0.5,0.25,0.5,0.5,0.5,0.5,0.5,0.75,0.5,0.5,0.5,0.5,0.75,0.75,0.75,0.75,0.75,0.75,0.75,0.75,0.75,1,1,0.75,1,1,0.75,0.75,0.75,0.75,0.75,0.5,0.5,0.75,0.5,1,1,1,0.75,0.75,1,1,1,1,1,1,1,1,1,0.75,0.75
91,1,1,1,1,0.75,1,1,1,0.5,0.75,0.75,0.75,0.75,0.75,0.5,0.25,0.5,0.25,0.25,0.25,0.25,0.25,0.25,0.25,0.25,0.5,0.5,0.5,0.5,0.5,0.5,0.75,0.75,1,0.75,0.5,0.75,0.5,0.5,0.75,0.5,0.5,0.5,0.5,0.5,0.25,0.75,0.75,0.5,0.75,0.75,0.75,0.75,0.75,0.75,0.5,1,0.75,1,1,0.75,0.75,0.75,1,1,1,1,0.75,1,1,1,0.75,0.75,0.75,0.5,0.5,0.5,0.5,0.5,1,1,1,0.75,0.75,1,1,1,1,1,1,1,1,1,1,1
92,1,0.75,0.75,1,1,1,1,1,0.5,0.75,0.75,0.75,0.75,0.75,0.5,0.25,0.5,0.25,0.25,0.25,0.25,0.25,0.25,0.25,0.25,0.5,0.5,0.5,0.5,0.5,0.5,0.75,0.75,1,0.75,0.5,0.75,0.75,0.5,0.75,0.75,0.5,0.5,0.5,0.5,0.5,0.75,0.75,0.75,0.75,0.75,1,0.75,0.75,0.75,0.5,1,1,1,1,1,0.75,1,1,1,1,1,0.75,1,1,1,0.75,0.75,0.75,0.75,0.5,0.25,0.5,0.5,0.75,0.75,0.75,0.75,0.75,1,1,1,1,1,1,1,1,1,1,1
93,0.75,0.75,0.75,0.75,1,1,1,1,0.5,0.75,0.5,0.75,0.75,0.5,0.5,0.5,0.5,0.25,0.25,0.5,0.25,0.25,0.25,0.25,0.25,0.5,0.5,0.5,0.5,0.5,0.5,0.75,1,1,0.75,0.75,0.75,0.75,0.75,0.75,0.75,0.5,0.5,0.5,0.5,0.5,0.75,0.75,0.75,0.75,0.75,1,0.75,0.75,0.75,0.75,1,1,1,1,1,0.75,1,1,1,1,1,0.75,1,1,1,1,0.75,0.75,0.75,0.5,0.5,0.5,0.5,0.75,0.75,1,0.75,0.75,1,1,1,1,0.75,1,1,1,1,1,1
94,1,0.75,0.75,1,1,1,1,1,0.75,0.75,0.75,0.75,0.75,0.75,0.5,0.25,0.5,0.5,0.25,0.25,0.25,0.25,0.25,0.25,0.25,0.5,0.5,0.75,0.75,0.5,0.75,1,1,1,0.75,0.75,0.75,0.75,0.5,0.75,0.75,0.5,0.5,0.5,0.5,0.5,0.75,0.75,0.75,0.75,0.75,1,1,1,0.75,0.75,1,1,1,1,1,0.75,0.75,0.75,1,0.75,0.75,0.75,0.75,0.75,0.75,0.75,0.75,0.5,0.5,0.25,0,0.25,0.25,0.75,0.75,0.5,0.5,0.5,0.75,1,1,0.75,0.75,0.75,1,1,1,1,1
95,1,0.75,1,1,1,1,1,1,0.75,0.75,0.75,0.75,0.75,0.75,0.5,0.5,0.5,0.5,0.5,0.5,0.5,0.25,0.25,0.5,0.5,0.5,0.75,0.75,0.75,0.75,0.75,1,1,1,1,0.75,0.75,0.75,0.75,0.75,0.75,0.75,0.75,0.75,0.75,0.5,0.75,0.75,0.75,0.75,0.75,0.75,1,1,0.75,0.75,1,1,1,0.75,1,0.75,0.75,0.75,0.75,0.75,0.75,0.75,0.75,0.75,0.75,0.75,0.75,0.5,0.5,0.25,0.25,0.5,0.25,0.75,0.75,0.75,0.5,0.5,0.75,0.75,0.75,0.75,0.5,0.75,1,1,1,1,1
